ID,CONT,COUNTRY,LIMSPENDTYPE,LIMSPENDPARTY,LIMSPENDOTHER,LIMSPENDMEDIA,LIMSPENDONLINE,RESTRONLINE,PUBFUNDPARTY,PUBFUNDOTHER,FREEMEDIAPARTY,FREEMEDIAOTHER,INDIRPUBFUND,FINREPPARTY,FINREPOTHER,FINREPPUBLIC,FINREPDONOR,FINREPINCOME,FINREPSPEND,TRANSPONLINE,SANCTIONS,MONITORBODY,REGPARTY,REGREQPARTY,REGOTHER,REGREQOTHER,DONFORPARTY,DONFOROTHER,DONCORPPARTY,DONCORPOTHER,DONTUPARTY,DONTUOTHER,DONGOVCONPARTY,DONGOVCONOTHER,DONGOVCORPPARTY,DONGOVCORPOTHER,DONLIMPARTY,DONLIMOTHER,DONIKLIMPARTY,DONIKLIMOTHER,DONBANK,OTHERACTORS
AGO,Africa,Angola,LIMSPENDTYPE_no,LIMSPENDPARTY_no,LIMSPENDOTHER_no,LIMSPENDMEDIA_no,LIMSPENDONLINE_no,RESTRONLINE_no,PUBFUNDPARTY_g,PUBFUNDOTHER_no,FREEMEDIAPARTY_yes,FREEMEDIAOTHER_no,INDIRPUBFUND_yes,FINREPPARTY_g,FINREPOTHER_no,FINREPPUBLIC_yes,FINREPDONOR_no,FINREPINCOME_no,FINREPSPEND_no,TRANSPONLINE_no,SANCTIONS_yes,MONITORBODY_no,REGPARTY_no,NA,REGOTHER_no,NA,DONFORPARTY_yes,DONFOROTHER_no,DONCORPPARTY_no,DONCORPOTHER_no,DONTUPARTY_no,DONTUOTHER_no,DONGOVCONPARTY_no,DONGOVCONOTHER_no,DONGOVCORPPARTY_yes,DONGOVCORPOTHER_no,DONLIMPARTY_no,DONLIMOTHER_no,DONIKLIMPARTY_no,DONIKLIMOTHER_no,DONBANK_no,OTHERACTORS_zero
ALB,Europe,Albania,LIMSPENDTYPE_no,LIMSPENDPARTY_yes,NA,LIMSPENDMEDIA_yes,LIMSPENDONLINE_yes,RESTRONLINE_no,PUBFUNDPARTY_g,NA,FREEMEDIAPARTY_yes,NA,INDIRPUBFUND_no,FINREPPARTY_yes,NA,FINREPPUBLIC_yes,FINREPDONOR_yes,FINREPINCOME_yes,FINREPSPEND_yes,TRANSPONLINE_no,SANCTIONS_yes,MONITORBODY_g,REGPARTY_yes,REGREQPARTY_yes,NA,NA,DONFORPARTY_yes,NA,DONCORPPARTY_no,NA,DONTUPARTY_no,NA,DONGOVCONPARTY_yes,NA,DONGOVCORPPARTY_yes,NA,DONLIMPARTY_yes,NA,DONIKLIMPARTY_yes,NA,DONBANK_yes,OTHERACTORS_banned
AND,Europe,Andorra,LIMSPENDTYPE_no,LIMSPENDPARTY_no,LIMSPENDOTHER_no,LIMSPENDMEDIA_no,LIMSPENDONLINE_no,RESTRONLINE_no,PUBFUNDPARTY_g,PUBFUNDOTHER_no,FREEMEDIAPARTY_no,FREEMEDIAOTHER_no,INDIRPUBFUND_no,FINREPPARTY_g,FINREPOTHER_no,FINREPPUBLIC_no,FINREPDONOR_yes,FINREPINCOME_yes,FINREPSPEND_yes,TRANSPONLINE_no,SANCTIONS_yes,MONITORBODY_g,REGPARTY_no,NA,REGOTHER_no,NA,DONFORPARTY_no,DONFOROTHER_no,DONCORPPARTY_yes,DONCORPOTHER_no,DONTUPARTY_yes,DONTUOTHER_no,DONGOVCONPARTY_yes,DONGOVCONOTHER_no,DONGOVCORPPARTY_yes,DONGOVCORPOTHER_no,DONLIMPARTY_yes,DONLIMOTHER_no,DONIKLIMPARTY_yes,DONIKLIMOTHER_no,DONBANK_yes,OTHERACTORS_zero
ARG,South America,Argentina,LIMSPENDTYPE_no,LIMSPENDPARTY_no,LIMSPENDOTHER_no,LIMSPENDMEDIA_no,LIMSPENDONLINE_no,RESTRONLINE_yes,PUBFUNDPARTY_g,PUBFUNDOTHER_no,FREEMEDIAPARTY_yes,FREEMEDIAOTHER_no,INDIRPUBFUND_yes,FINREPPARTY_g,FINREPOTHER_no,FINREPPUBLIC_yes,FINREPDONOR_yes,FINREPINCOME_yes,FINREPSPEND_yes,TRANSPONLINE_yes,SANCTIONS_yes,MONITORBODY_g,REGPARTY_no,NA,REGOTHER_no,NA,DONFORPARTY_yes,DONFOROTHER_no,DONCORPPARTY_no,DONCORPOTHER_no,DONTUPARTY_yes,DONTUOTHER_no,DONGOVCONPARTY_yes,DONGOVCONOTHER_no,DONGOVCORPPARTY_yes,DONGOVCORPOTHER_no,DONLIMPARTY_yes,DONLIMOTHER_no,DONIKLIMPARTY_yes,DONIKLIMOTHER_no,DONBANK_yes,OTHERACTORS_zero
ARM,Asia,Armenia,LIMSPENDTYPE_no,LIMSPENDPARTY_yes,LIMSPENDOTHER_yes,LIMSPENDMEDIA_yes,LIMSPENDONLINE_yes,RESTRONLINE_no,PUBFUNDPARTY_g,PUBFUNDOTHER_no,FREEMEDIAPARTY_yes,FREEMEDIAOTHER_yes,INDIRPUBFUND_yes,FINREPPARTY_yes,FINREPOTHER_yes,FINREPPUBLIC_yes,FINREPDONOR_no,FINREPINCOME_yes,FINREPSPEND_yes,TRANSPONLINE_no,SANCTIONS_yes,MONITORBODY_g,REGPARTY_yes,REGREQPARTY_no,REGOTHER_yes,REGREQOTHER_no,DONFORPARTY_yes,DONFOROTHER_yes,DONCORPPARTY_no,DONCORPOTHER_yes,DONTUPARTY_no,DONTUOTHER_yes,DONGOVCONPARTY_yes,DONGOVCONOTHER_yes,DONGOVCORPPARTY_yes,DONGOVCORPOTHER_yes,DONLIMPARTY_yes,DONLIMOTHER_yes,DONIKLIMPARTY_yes,DONIKLIMOTHER_yes,DONBANK_yes,OTHERACTORS_high
ATG,North America,Antigua and Barbuda,LIMSPENDTYPE_no,LIMSPENDPARTY_no,LIMSPENDOTHER_no,LIMSPENDMEDIA_no,LIMSPENDONLINE_no,RESTRONLINE_no,PUBFUNDPARTY_no,PUBFUNDOTHER_no,FREEMEDIAPARTY_no,FREEMEDIAOTHER_no,INDIRPUBFUND_no,FINREPPARTY_no,FINREPOTHER_no,FINREPPUBLIC_no,FINREPDONOR_no,FINREPINCOME_no,FINREPSPEND_no,TRANSPONLINE_no,SANCTIONS_no,MONITORBODY_no,REGPARTY_no,NA,REGOTHER_no,NA,DONFORPARTY_no,DONFOROTHER_no,DONCORPPARTY_no,DONCORPOTHER_no,DONTUPARTY_no,DONTUOTHER_no,DONGOVCONPARTY_no,DONGOVCONOTHER_no,DONGOVCORPPARTY_no,DONGOVCORPOTHER_no,DONLIMPARTY_no,DONLIMOTHER_no,DONIKLIMPARTY_no,DONIKLIMOTHER_no,DONBANK_no,OTHERACTORS_zero
AUS,Oceania,Australia,LIMSPENDTYPE_no,LIMSPENDPARTY_no,LIMSPENDOTHER_no,LIMSPENDMEDIA_no,LIMSPENDONLINE_no,RESTRONLINE_no,PUBFUNDPARTY_g,PUBFUNDOTHER_no,FREEMEDIAPARTY_yes,FREEMEDIAOTHER_no,INDIRPUBFUND_no,FINREPPARTY_yes,FINREPOTHER_yes,FINREPPUBLIC_yes,FINREPDONOR_ca,FINREPINCOME_yes,FINREPSPEND_yes,TRANSPONLINE_no,SANCTIONS_yes,MONITORBODY_g,REGPARTY_no,NA,REGOTHER_no,NA,DONFORPARTY_yes,DONFOROTHER_yes,DONCORPPARTY_no,DONCORPOTHER_no,DONTUPARTY_no,DONTUOTHER_no,DONGOVCONPARTY_no,DONGOVCONOTHER_no,DONGOVCORPPARTY_no,DONGOVCORPOTHER_no,DONLIMPARTY_no,DONLIMOTHER_no,DONIKLIMPARTY_no,DONIKLIMOTHER_no,DONBANK_no,OTHERACTORS_low
AUT,Europe,Austria,LIMSPENDTYPE_no,LIMSPENDPARTY_no,LIMSPENDOTHER_no,LIMSPENDMEDIA_no,LIMSPENDONLINE_no,RESTRONLINE_no,PUBFUNDPARTY_g,PUBFUNDOTHER_no,FREEMEDIAPARTY_no,FREEMEDIAOTHER_no,INDIRPUBFUND_no,FINREPPARTY_g,FINREPOTHER_no,FINREPPUBLIC_yes,FINREPDONOR_ca,FINREPINCOME_yes,FINREPSPEND_yes,TRANSPONLINE_no,SANCTIONS_yes,MONITORBODY_g,REGPARTY_no,NA,REGOTHER_no,NA,DONFORPARTY_yes,DONFOROTHER_no,DONCORPPARTY_no,DONCORPOTHER_no,DONTUPARTY_no,DONTUOTHER_no,DONGOVCONPARTY_no,DONGOVCONOTHER_no,DONGOVCORPPARTY_yes,DONGOVCORPOTHER_no,DONLIMPARTY_yes,DONLIMOTHER_no,DONIKLIMPARTY_yes,DONIKLIMOTHER_no,DONBANK_yes,OTHERACTORS_zero
AZE,Asia,Azerbaijan,LIMSPENDTYPE_yes,LIMSPENDPARTY_no,LIMSPENDOTHER_no,LIMSPENDMEDIA_no,LIMSPENDONLINE_no,RESTRONLINE_no,PUBFUNDPARTY_g,PUBFUNDOTHER_no,FREEMEDIAPARTY_yes,FREEMEDIAOTHER_yes,INDIRPUBFUND_yes,FINREPPARTY_yes,FINREPOTHER_yes,FINREPPUBLIC_yes,FINREPDONOR_yes,FINREPINCOME_yes,FINREPSPEND_yes,TRANSPONLINE_no,SANCTIONS_yes,MONITORBODY_g,REGPARTY_no,NA,REGOTHER_yes,REGREQOTHER_no,DONFORPARTY_yes,DONFOROTHER_yes,DONCORPPARTY_no,DONCORPOTHER_no,DONTUPARTY_yes,DONTUOTHER_yes,DONGOVCONPARTY_no,DONGOVCONOTHER_no,DONGOVCORPPARTY_yes,DONGOVCORPOTHER_yes,DONLIMPARTY_yes,DONLIMOTHER_no,DONIKLIMPARTY_yes,DONIKLIMOTHER_no,DONBANK_yes,OTHERACTORS_high
BHR,Asia,Bahrain,LIMSPENDTYPE_yes,LIMSPENDPARTY_yes,NA,LIMSPENDMEDIA_yes,LIMSPENDONLINE_yes,RESTRONLINE_no,PUBFUNDPARTY_no,NA,FREEMEDIAPARTY_no,NA,INDIRPUBFUND_no,FINREPPARTY_no,NA,FINREPPUBLIC_no,FINREPDONOR_no,FINREPINCOME_no,FINREPSPEND_no,TRANSPONLINE_no,SANCTIONS_yes,MONITORBODY_g,REGPARTY_no,NA,NA,NA,DONFORPARTY_yes,NA,DONCORPPARTY_yes,NA,DONTUPARTY_yes,NA,DONGOVCONPARTY_yes,NA,DONGOVCORPPARTY_yes,NA,DONLIMPARTY_yes,NA,DONIKLIMPARTY_yes,NA,DONBANK_no,OTHERACTORS_banned
BDI,Africa,Burundi,LIMSPENDTYPE_no,LIMSPENDPARTY_no,LIMSPENDOTHER_no,LIMSPENDMEDIA_no,LIMSPENDONLINE_no,RESTRONLINE_no,PUBFUNDPARTY_g,PUBFUNDOTHER_no,FREEMEDIAPARTY_yes,FREEMEDIAOTHER_no,INDIRPUBFUND_yes,FINREPPARTY_g,FINREPOTHER_no,FINREPPUBLIC_no,FINREPDONOR_no,FINREPINCOME_no,FINREPSPEND_no,TRANSPONLINE_no,SANCTIONS_yes,MONITORBODY_g,REGPARTY_no,NA,REGOTHER_no,NA,DONFORPARTY_no,DONFOROTHER_no,DONCORPPARTY_no,DONCORPOTHER_no,DONTUPARTY_no,DONTUOTHER_no,DONGOVCONPARTY_yes,DONGOVCONOTHER_no,DONGOVCORPPARTY_yes,DONGOVCORPOTHER_no,DONLIMPARTY_no,DONLIMOTHER_no,DONIKLIMPARTY_no,DONIKLIMOTHER_no,DONBANK_no,OTHERACTORS_zero
BEN,Africa,Benin,LIMSPENDTYPE_no,LIMSPENDPARTY_no,LIMSPENDOTHER_no,LIMSPENDMEDIA_no,LIMSPENDONLINE_no,RESTRONLINE_no,PUBFUNDPARTY_g,PUBFUNDOTHER_no,FREEMEDIAPARTY_no,FREEMEDIAOTHER_no,INDIRPUBFUND_no,FINREPPARTY_g,FINREPOTHER_no,FINREPPUBLIC_no,FINREPDONOR_yes,FINREPINCOME_yes,FINREPSPEND_no,TRANSPONLINE_no,SANCTIONS_yes,MONITORBODY_g,REGPARTY_yes,REGREQPARTY_no,REGOTHER_no,NA,DONFORPARTY_yes,DONFOROTHER_no,DONCORPPARTY_yes,DONCORPOTHER_no,DONTUPARTY_yes,DONTUOTHER_no,DONGOVCONPARTY_yes,DONGOVCONOTHER_no,DONGOVCORPPARTY_yes,DONGOVCORPOTHER_no,DONLIMPARTY_no,DONLIMOTHER_no,DONIKLIMPARTY_no,DONIKLIMOTHER_no,DONBANK_no,OTHERACTORS_zero
BFA,Africa,Burkina Faso,LIMSPENDTYPE_no,LIMSPENDPARTY_no,LIMSPENDOTHER_no,LIMSPENDMEDIA_no,LIMSPENDONLINE_no,RESTRONLINE_no,PUBFUNDPARTY_g,PUBFUNDOTHER_no,FREEMEDIAPARTY_no,FREEMEDIAOTHER_no,INDIRPUBFUND_no,FINREPPARTY_g,FINREPOTHER_no,FINREPPUBLIC_no,FINREPDONOR_no,FINREPINCOME_no,FINREPSPEND_no,TRANSPONLINE_no,SANCTIONS_yes,MONITORBODY_g,REGPARTY_no,NA,REGOTHER_no,NA,DONFORPARTY_no,DONFOROTHER_no,DONCORPPARTY_no,DONCORPOTHER_no,DONTUPARTY_no,DONTUOTHER_no,DONGOVCONPARTY_no,DONGOVCONOTHER_no,DONGOVCORPPARTY_no,DONGOVCORPOTHER_no,DONLIMPARTY_no,DONLIMOTHER_no,DONIKLIMPARTY_no,DONIKLIMOTHER_no,DONBANK_no,OTHERACTORS_zero
BGR,Europe,Bulgaria,LIMSPENDTYPE_no,LIMSPENDPARTY_no,LIMSPENDOTHER_no,LIMSPENDMEDIA_no,LIMSPENDONLINE_no,RESTRONLINE_no,PUBFUNDPARTY_g,PUBFUNDOTHER_no,FREEMEDIAPARTY_yes,FREEMEDIAOTHER_yes,INDIRPUBFUND_yes,FINREPPARTY_g,FINREPOTHER_no,FINREPPUBLIC_yes,FINREPDONOR_yes,FINREPINCOME_yes,FINREPSPEND_yes,TRANSPONLINE_no,SANCTIONS_yes,MONITORBODY_g,REGPARTY_no,NA,REGOTHER_no,NA,DONFORPARTY_yes,DONFOROTHER_no,DONCORPPARTY_yes,DONCORPOTHER_no,DONTUPARTY_no,DONTUOTHER_no,DONGOVCONPARTY_yes,DONGOVCONOTHER_no,DONGOVCORPPARTY_yes,DONGOVCORPOTHER_no,DONLIMPARTY_yes,DONLIMOTHER_no,DONIKLIMPARTY_yes,DONIKLIMOTHER_no,DONBANK_no,OTHERACTORS_low
BHS,North America,Bahamas,LIMSPENDTYPE_no,LIMSPENDPARTY_no,LIMSPENDOTHER_no,LIMSPENDMEDIA_no,LIMSPENDONLINE_no,RESTRONLINE_no,PUBFUNDPARTY_no,PUBFUNDOTHER_no,FREEMEDIAPARTY_no,FREEMEDIAOTHER_no,INDIRPUBFUND_no,FINREPPARTY_no,FINREPOTHER_no,FINREPPUBLIC_no,FINREPDONOR_no,FINREPINCOME_no,FINREPSPEND_no,TRANSPONLINE_no,SANCTIONS_no,MONITORBODY_no,REGPARTY_no,NA,REGOTHER_no,NA,DONFORPARTY_no,DONFOROTHER_no,DONCORPPARTY_no,DONCORPOTHER_no,DONTUPARTY_no,DONTUOTHER_no,DONGOVCONPARTY_no,DONGOVCONOTHER_no,DONGOVCORPPARTY_no,DONGOVCORPOTHER_no,DONLIMPARTY_no,DONLIMOTHER_no,DONIKLIMPARTY_no,DONIKLIMOTHER_no,DONBANK_no,OTHERACTORS_zero
BLR,Europe,Belarus,LIMSPENDTYPE_no,LIMSPENDPARTY_no,LIMSPENDOTHER_no,LIMSPENDMEDIA_no,LIMSPENDONLINE_no,RESTRONLINE_no,PUBFUNDPARTY_no,PUBFUNDOTHER_no,FREEMEDIAPARTY_yes,FREEMEDIAOTHER_yes,INDIRPUBFUND_no,FINREPPARTY_no,FINREPOTHER_no,FINREPPUBLIC_no,FINREPDONOR_no,FINREPINCOME_no,FINREPSPEND_no,TRANSPONLINE_no,SANCTIONS_yes,MONITORBODY_g,REGPARTY_no,NA,REGOTHER_no,NA,DONFORPARTY_yes,DONFOROTHER_no,DONCORPPARTY_no,DONCORPOTHER_no,DONTUPARTY_no,DONTUOTHER_no,DONGOVCONPARTY_no,DONGOVCONOTHER_no,DONGOVCORPPARTY_no,DONGOVCORPOTHER_no,DONLIMPARTY_no,DONLIMOTHER_no,DONIKLIMPARTY_no,DONIKLIMOTHER_no,DONBANK_no,OTHERACTORS_low
BLZ,North America,Belize,LIMSPENDTYPE_no,LIMSPENDPARTY_no,LIMSPENDOTHER_no,LIMSPENDMEDIA_no,LIMSPENDONLINE_no,RESTRONLINE_no,PUBFUNDPARTY_no,PUBFUNDOTHER_no,FREEMEDIAPARTY_no,FREEMEDIAOTHER_no,INDIRPUBFUND_no,FINREPPARTY_no,FINREPOTHER_no,FINREPPUBLIC_no,FINREPDONOR_no,FINREPINCOME_no,FINREPSPEND_no,TRANSPONLINE_no,SANCTIONS_no,MONITORBODY_no,REGPARTY_no,NA,REGOTHER_no,NA,DONFORPARTY_no,DONFOROTHER_no,DONCORPPARTY_no,DONCORPOTHER_no,DONTUPARTY_no,DONTUOTHER_no,DONGOVCONPARTY_no,DONGOVCONOTHER_no,DONGOVCORPPARTY_no,DONGOVCORPOTHER_no,DONLIMPARTY_no,DONLIMOTHER_no,DONIKLIMPARTY_no,DONIKLIMOTHER_no,DONBANK_no,OTHERACTORS_zero
BOL,South America,Bolivia,LIMSPENDTYPE_no,LIMSPENDPARTY_no,LIMSPENDOTHER_no,LIMSPENDMEDIA_yes,LIMSPENDONLINE_no,RESTRONLINE_no,PUBFUNDPARTY_no,PUBFUNDOTHER_no,FREEMEDIAPARTY_yes,FREEMEDIAOTHER_yes,INDIRPUBFUND_no,FINREPPARTY_yes,FINREPOTHER_yes,FINREPPUBLIC_no,FINREPDONOR_yes,FINREPINCOME_yes,FINREPSPEND_yes,TRANSPONLINE_no,SANCTIONS_yes,MONITORBODY_no,REGPARTY_yes,REGREQPARTY_yes,REGOTHER_yes,REGREQOTHER_yes,DONFORPARTY_yes,DONFOROTHER_no,DONCORPPARTY_no,DONCORPOTHER_no,DONTUPARTY_no,DONTUOTHER_no,DONGOVCONPARTY_yes,DONGOVCONOTHER_no,DONGOVCORPPARTY_yes,DONGOVCORPOTHER_no,DONLIMPARTY_yes,DONLIMOTHER_no,DONIKLIMPARTY_yes,DONIKLIMOTHER_no,DONBANK_no,OTHERACTORS_low
BRA,South America,Brazil,LIMSPENDTYPE_no,LIMSPENDPARTY_yes,LIMSPENDOTHER_yes,LIMSPENDMEDIA_no,LIMSPENDONLINE_no,RESTRONLINE_no,PUBFUNDPARTY_no,PUBFUNDOTHER_no,FREEMEDIAPARTY_no,FREEMEDIAOTHER_yes,INDIRPUBFUND_no,FINREPPARTY_no,FINREPOTHER_yes,FINREPPUBLIC_no,FINREPDONOR_yes,FINREPINCOME_yes,FINREPSPEND_yes,TRANSPONLINE_no,SANCTIONS_yes,MONITORBODY_g,REGPARTY_no,NA,REGOTHER_yes,REGREQOTHER_yes,DONFORPARTY_yes,DONFOROTHER_no,DONCORPPARTY_yes,DONCORPOTHER_no,DONTUPARTY_yes,DONTUOTHER_no,DONGOVCONPARTY_yes,DONGOVCONOTHER_no,DONGOVCORPPARTY_yes,DONGOVCORPOTHER_no,DONLIMPARTY_yes,DONLIMOTHER_no,DONIKLIMPARTY_yes,DONIKLIMOTHER_no,DONBANK_no,OTHERACTORS_high
BTN,Asia,Bhutan,LIMSPENDTYPE_no,LIMSPENDPARTY_yes,LIMSPENDOTHER_yes,LIMSPENDMEDIA_yes,LIMSPENDONLINE_yes,RESTRONLINE_yes,PUBFUNDPARTY_yes,PUBFUNDOTHER_no,FREEMEDIAPARTY_yes,FREEMEDIAOTHER_yes,INDIRPUBFUND_yes,FINREPPARTY_yes,FINREPOTHER_yes,FINREPPUBLIC_no,FINREPDONOR_yes,FINREPINCOME_yes,FINREPSPEND_yes,TRANSPONLINE_yes,SANCTIONS_yes,MONITORBODY_g,REGPARTY_yes,REGREQPARTY_no,REGOTHER_yes,REGREQOTHER_no,DONFORPARTY_yes,DONFOROTHER_no,DONCORPPARTY_yes,DONCORPOTHER_no,DONTUPARTY_yes,DONTUOTHER_no,DONGOVCONPARTY_yes,DONGOVCONOTHER_no,DONGOVCORPPARTY_yes,DONGOVCORPOTHER_no,DONLIMPARTY_yes,DONLIMOTHER_no,DONIKLIMPARTY_yes,DONIKLIMOTHER_no,DONBANK_no,OTHERACTORS_low
BWA,Africa,Botswana,LIMSPENDTYPE_no,LIMSPENDPARTY_no,LIMSPENDOTHER_no,LIMSPENDMEDIA_no,LIMSPENDONLINE_no,RESTRONLINE_no,PUBFUNDPARTY_no,PUBFUNDOTHER_no,FREEMEDIAPARTY_no,FREEMEDIAOTHER_no,INDIRPUBFUND_no,FINREPPARTY_no,FINREPOTHER_no,FINREPPUBLIC_no,FINREPDONOR_no,FINREPINCOME_no,FINREPSPEND_no,TRANSPONLINE_no,SANCTIONS_no,MONITORBODY_no,REGPARTY_no,NA,REGOTHER_no,NA,DONFORPARTY_no,DONFOROTHER_no,DONCORPPARTY_no,DONCORPOTHER_no,DONTUPARTY_no,DONTUOTHER_no,DONGOVCONPARTY_no,DONGOVCONOTHER_no,DONGOVCORPPARTY_no,DONGOVCORPOTHER_no,DONLIMPARTY_no,DONLIMOTHER_no,DONIKLIMPARTY_no,DONIKLIMOTHER_no,DONBANK_no,OTHERACTORS_zero
CAF,Africa,Central African Republic,LIMSPENDTYPE_no,LIMSPENDPARTY_no,LIMSPENDOTHER_no,LIMSPENDMEDIA_no,LIMSPENDONLINE_no,RESTRONLINE_no,PUBFUNDPARTY_g,PUBFUNDOTHER_no,FREEMEDIAPARTY_yes,FREEMEDIAOTHER_yes,INDIRPUBFUND_no,FINREPPARTY_g,FINREPOTHER_no,FINREPPUBLIC_no,FINREPDONOR_no,FINREPINCOME_no,FINREPSPEND_no,TRANSPONLINE_no,SANCTIONS_yes,MONITORBODY_g,REGPARTY_yes,REGREQPARTY_no,REGOTHER_yes,REGREQOTHER_no,DONFORPARTY_no,DONFOROTHER_no,DONCORPPARTY_no,DONCORPOTHER_no,DONTUPARTY_no,DONTUOTHER_no,DONGOVCONPARTY_no,DONGOVCONOTHER_no,DONGOVCORPPARTY_yes,DONGOVCORPOTHER_no,DONLIMPARTY_yes,DONLIMOTHER_no,DONIKLIMPARTY_no,DONIKLIMOTHER_no,DONBANK_no,OTHERACTORS_low
CAN,North America,Canada,LIMSPENDTYPE_no,LIMSPENDPARTY_yes,LIMSPENDOTHER_yes,LIMSPENDMEDIA_yes,LIMSPENDONLINE_yes,RESTRONLINE_no,PUBFUNDPARTY_g,PUBFUNDOTHER_no,FREEMEDIAPARTY_yes,FREEMEDIAOTHER_yes,INDIRPUBFUND_no,FINREPPARTY_yes,FINREPOTHER_yes,FINREPPUBLIC_yes,FINREPDONOR_ca,FINREPINCOME_yes,FINREPSPEND_yes,TRANSPONLINE_yes,SANCTIONS_yes,MONITORBODY_g,REGPARTY_yes,REGREQPARTY_no,REGOTHER_yes,REGREQOTHER_no,DONFORPARTY_yes,DONFOROTHER_yes,DONCORPPARTY_yes,DONCORPOTHER_no,DONTUPARTY_yes,DONTUOTHER_no,DONGOVCONPARTY_yes,DONGOVCONOTHER_no,DONGOVCORPPARTY_yes,DONGOVCORPOTHER_no,DONLIMPARTY_yes,DONLIMOTHER_no,DONIKLIMPARTY_yes,DONIKLIMOTHER_no,DONBANK_yes,OTHERACTORS_high
CHE,Europe,Switzerland,LIMSPENDTYPE_no,LIMSPENDPARTY_no,LIMSPENDOTHER_no,LIMSPENDMEDIA_no,LIMSPENDONLINE_no,RESTRONLINE_no,PUBFUNDPARTY_no,PUBFUNDOTHER_no,FREEMEDIAPARTY_no,FREEMEDIAOTHER_no,INDIRPUBFUND_no,FINREPPARTY_yes,FINREPOTHER_yes,FINREPPUBLIC_yes,FINREPDONOR_ca,FINREPINCOME_yes,FINREPSPEND_no,TRANSPONLINE_no,SANCTIONS_yes,MONITORBODY_g,REGPARTY_no,NA,REGOTHER_no,NA,DONFORPARTY_yes,DONFOROTHER_yes,DONCORPPARTY_no,DONCORPOTHER_no,DONTUPARTY_no,DONTUOTHER_no,DONGOVCONPARTY_no,DONGOVCONOTHER_no,DONGOVCORPPARTY_no,DONGOVCORPOTHER_no,DONLIMPARTY_no,DONLIMOTHER_no,DONIKLIMPARTY_no,DONIKLIMOTHER_no,DONBANK_no,OTHERACTORS_low
CHL,South America,Chile,LIMSPENDTYPE_no,LIMSPENDPARTY_yes,LIMSPENDOTHER_no,LIMSPENDMEDIA_yes,LIMSPENDONLINE_yes,RESTRONLINE_no,PUBFUNDPARTY_yes,PUBFUNDOTHER_no,FREEMEDIAPARTY_yes,FREEMEDIAOTHER_no,INDIRPUBFUND_yes,FINREPPARTY_yes,FINREPOTHER_no,FINREPPUBLIC_yes,FINREPDONOR_ca,FINREPINCOME_yes,FINREPSPEND_yes,TRANSPONLINE_no,SANCTIONS_yes,MONITORBODY_g,REGPARTY_yes,REGREQPARTY_no,REGOTHER_no,NA,DONFORPARTY_yes,DONFOROTHER_no,DONCORPPARTY_yes,DONCORPOTHER_no,DONTUPARTY_yes,DONTUOTHER_no,DONGOVCONPARTY_yes,DONGOVCONOTHER_no,DONGOVCORPPARTY_yes,DONGOVCORPOTHER_no,DONLIMPARTY_yes,DONLIMOTHER_no,DONIKLIMPARTY_yes,DONIKLIMOTHER_no,DONBANK_yes,OTHERACTORS_zero
CIV,Africa,Cote D'Ivoire,LIMSPENDTYPE_no,LIMSPENDPARTY_no,LIMSPENDOTHER_no,LIMSPENDMEDIA_no,LIMSPENDONLINE_no,RESTRONLINE_no,PUBFUNDPARTY_g,PUBFUNDOTHER_no,FREEMEDIAPARTY_no,FREEMEDIAOTHER_no,INDIRPUBFUND_yes,FINREPPARTY_g,FINREPOTHER_no,FINREPPUBLIC_no,FINREPDONOR_yes,FINREPINCOME_yes,FINREPSPEND_yes,TRANSPONLINE_no,SANCTIONS_yes,MONITORBODY_g,REGPARTY_no,NA,REGOTHER_no,NA,DONFORPARTY_yes,DONFOROTHER_no,DONCORPPARTY_no,DONCORPOTHER_no,DONTUPARTY_no,DONTUOTHER_no,DONGOVCONPARTY_no,DONGOVCONOTHER_no,DONGOVCORPPARTY_no,DONGOVCORPOTHER_no,DONLIMPARTY_no,DONLIMOTHER_no,DONIKLIMPARTY_no,DONIKLIMOTHER_no,DONBANK_no,OTHERACTORS_zero
CMR,Africa,Cameroon,LIMSPENDTYPE_no,LIMSPENDPARTY_no,NA,LIMSPENDMEDIA_no,LIMSPENDONLINE_no,RESTRONLINE_no,PUBFUNDPARTY_yes,NA,FREEMEDIAPARTY_no,NA,INDIRPUBFUND_no,FINREPPARTY_no,NA,FINREPPUBLIC_no,FINREPDONOR_no,FINREPINCOME_no,FINREPSPEND_no,TRANSPONLINE_no,SANCTIONS_yes,MONITORBODY_g,REGPARTY_yes,REGREQPARTY_yes,NA,NA,DONFORPARTY_yes,NA,DONCORPPARTY_no,NA,DONTUPARTY_no,NA,DONGOVCONPARTY_no,NA,DONGOVCORPPARTY_no,NA,DONLIMPARTY_no,NA,DONIKLIMPARTY_no,NA,DONBANK_no,OTHERACTORS_banned
COD,Africa,D.R. Congo,LIMSPENDTYPE_no,LIMSPENDPARTY_no,LIMSPENDOTHER_no,LIMSPENDMEDIA_no,LIMSPENDONLINE_no,RESTRONLINE_no,PUBFUNDPARTY_g,PUBFUNDOTHER_no,FREEMEDIAPARTY_yes,FREEMEDIAOTHER_yes,INDIRPUBFUND_no,FINREPPARTY_g,FINREPOTHER_no,FINREPPUBLIC_no,FINREPDONOR_yes,FINREPINCOME_no,FINREPSPEND_no,TRANSPONLINE_no,SANCTIONS_yes,MONITORBODY_g,REGPARTY_no,NA,REGOTHER_no,NA,DONFORPARTY_no,DONFOROTHER_no,DONCORPPARTY_no,DONCORPOTHER_no,DONTUPARTY_no,DONTUOTHER_no,DONGOVCONPARTY_no,DONGOVCONOTHER_no,DONGOVCORPPARTY_yes,DONGOVCORPOTHER_no,DONLIMPARTY_no,DONLIMOTHER_no,DONIKLIMPARTY_no,DONIKLIMOTHER_no,DONBANK_no,OTHERACTORS_low
COG,Africa,Republic of Congo,LIMSPENDTYPE_no,LIMSPENDPARTY_no,NA,LIMSPENDMEDIA_no,LIMSPENDONLINE_no,RESTRONLINE_no,PUBFUNDPARTY_g,NA,FREEMEDIAPARTY_no,NA,INDIRPUBFUND_no,FINREPPARTY_g,NA,FINREPPUBLIC_no,FINREPDONOR_yes,FINREPINCOME_no,FINREPSPEND_no,TRANSPONLINE_no,SANCTIONS_yes,MONITORBODY_g,REGPARTY_no,NA,NA,NA,DONFORPARTY_yes,NA,DONCORPPARTY_no,NA,DONTUPARTY_no,NA,DONGOVCONPARTY_no,NA,DONGOVCORPPARTY_no,NA,DONLIMPARTY_yes,NA,DONIKLIMPARTY_yes,NA,DONBANK_no,OTHERACTORS_banned
COL,South America,Colombia,LIMSPENDTYPE_no,LIMSPENDPARTY_yes,LIMSPENDOTHER_yes,LIMSPENDMEDIA_yes,LIMSPENDONLINE_yes,RESTRONLINE_no,PUBFUNDPARTY_g,PUBFUNDOTHER_no,FREEMEDIAPARTY_yes,FREEMEDIAOTHER_yes,INDIRPUBFUND_yes,FINREPPARTY_yes,FINREPOTHER_yes,FINREPPUBLIC_yes,FINREPDONOR_yes,FINREPINCOME_yes,FINREPSPEND_yes,TRANSPONLINE_no,SANCTIONS_yes,MONITORBODY_g,REGPARTY_yes,REGREQPARTY_no,REGOTHER_yes,REGREQOTHER_no,DONFORPARTY_yes,DONFOROTHER_yes,DONCORPPARTY_no,DONCORPOTHER_no,DONTUPARTY_no,DONTUOTHER_no,DONGOVCONPARTY_yes,DONGOVCONOTHER_yes,DONGOVCORPPARTY_no,DONGOVCORPOTHER_no,DONLIMPARTY_yes,DONLIMOTHER_yes,DONIKLIMPARTY_yes,DONIKLIMOTHER_yes,DONBANK_yes,OTHERACTORS_high
COM,Africa,Comoros,LIMSPENDTYPE_yes,LIMSPENDPARTY_no,LIMSPENDOTHER_no,LIMSPENDMEDIA_yes,LIMSPENDONLINE_no,RESTRONLINE_no,PUBFUNDPARTY_no,PUBFUNDOTHER_no,FREEMEDIAPARTY_no,FREEMEDIAOTHER_no,INDIRPUBFUND_no,FINREPPARTY_no,FINREPOTHER_no,FINREPPUBLIC_no,FINREPDONOR_no,FINREPINCOME_no,FINREPSPEND_no,TRANSPONLINE_no,SANCTIONS_yes,MONITORBODY_g,REGPARTY_no,NA,REGOTHER_no,NA,DONFORPARTY_no,DONFOROTHER_no,DONCORPPARTY_no,DONCORPOTHER_no,DONTUPARTY_no,DONTUOTHER_no,DONGOVCONPARTY_no,DONGOVCONOTHER_no,DONGOVCORPPARTY_no,DONGOVCORPOTHER_no,DONLIMPARTY_no,DONLIMOTHER_no,DONIKLIMPARTY_no,DONIKLIMOTHER_no,DONBANK_no,OTHERACTORS_zero
CPV,Africa,Cabo Verde,LIMSPENDTYPE_no,LIMSPENDPARTY_no,LIMSPENDOTHER_no,LIMSPENDMEDIA_no,LIMSPENDONLINE_no,RESTRONLINE_no,PUBFUNDPARTY_no,PUBFUNDOTHER_no,FREEMEDIAPARTY_no,FREEMEDIAOTHER_no,INDIRPUBFUND_no,FINREPPARTY_yes,FINREPOTHER_yes,FINREPPUBLIC_yes,FINREPDONOR_yes,FINREPINCOME_yes,FINREPSPEND_yes,TRANSPONLINE_no,SANCTIONS_yes,MONITORBODY_g,REGPARTY_yes,REGREQPARTY_no,REGOTHER_yes,REGREQOTHER_yes,DONFORPARTY_yes,DONFOROTHER_yes,DONCORPPARTY_no,DONCORPOTHER_no,DONTUPARTY_yes,DONTUOTHER_no,DONGOVCONPARTY_yes,DONGOVCONOTHER_no,DONGOVCORPPARTY_yes,DONGOVCORPOTHER_no,DONLIMPARTY_yes,DONLIMOTHER_no,DONIKLIMPARTY_yes,DONIKLIMOTHER_no,DONBANK_no,OTHERACTORS_low
CRI,North America,Costa Rica,LIMSPENDTYPE_no,LIMSPENDPARTY_no,LIMSPENDOTHER_no,LIMSPENDMEDIA_no,LIMSPENDONLINE_no,RESTRONLINE_no,PUBFUNDPARTY_g,PUBFUNDOTHER_no,FREEMEDIAPARTY_no,FREEMEDIAOTHER_no,INDIRPUBFUND_no,FINREPPARTY_g,FINREPOTHER_no,FINREPPUBLIC_yes,FINREPDONOR_yes,FINREPINCOME_yes,FINREPSPEND_yes,TRANSPONLINE_no,SANCTIONS_yes,MONITORBODY_g,REGPARTY_no,NA,REGOTHER_no,NA,DONFORPARTY_yes,DONFOROTHER_yes,DONCORPPARTY_yes,DONCORPOTHER_no,DONTUPARTY_yes,DONTUOTHER_no,DONGOVCONPARTY_yes,DONGOVCONOTHER_no,DONGOVCORPPARTY_yes,DONGOVCORPOTHER_yes,DONLIMPARTY_yes,DONLIMOTHER_yes,DONIKLIMPARTY_no,DONIKLIMOTHER_no,DONBANK_no,OTHERACTORS_low
CUB,North America,Cuba,LIMSPENDTYPE_no,LIMSPENDPARTY_no,LIMSPENDOTHER_no,LIMSPENDMEDIA_no,LIMSPENDONLINE_no,RESTRONLINE_no,PUBFUNDPARTY_no,PUBFUNDOTHER_no,FREEMEDIAPARTY_no,FREEMEDIAOTHER_no,INDIRPUBFUND_no,FINREPPARTY_no,FINREPOTHER_no,FINREPPUBLIC_no,FINREPDONOR_no,FINREPINCOME_no,FINREPSPEND_no,TRANSPONLINE_no,SANCTIONS_no,MONITORBODY_g,REGPARTY_no,NA,REGOTHER_no,NA,DONFORPARTY_no,DONFOROTHER_no,DONCORPPARTY_no,DONCORPOTHER_no,DONTUPARTY_no,DONTUOTHER_no,DONGOVCONPARTY_no,DONGOVCONOTHER_no,DONGOVCORPPARTY_no,DONGOVCORPOTHER_no,DONLIMPARTY_no,DONLIMOTHER_no,DONIKLIMPARTY_no,DONIKLIMOTHER_no,DONBANK_no,OTHERACTORS_zero
CZE,Europe,Czechia,LIMSPENDTYPE_no,LIMSPENDPARTY_no,LIMSPENDOTHER_no,LIMSPENDMEDIA_no,LIMSPENDONLINE_no,RESTRONLINE_no,PUBFUNDPARTY_g,PUBFUNDOTHER_no,FREEMEDIAPARTY_no,FREEMEDIAOTHER_no,INDIRPUBFUND_no,FINREPPARTY_g,FINREPOTHER_no,FINREPPUBLIC_yes,FINREPDONOR_yes,FINREPINCOME_yes,FINREPSPEND_no,TRANSPONLINE_no,SANCTIONS_yes,MONITORBODY_g,REGPARTY_no,NA,REGOTHER_no,NA,DONFORPARTY_yes,DONFOROTHER_no,DONCORPPARTY_no,DONCORPOTHER_no,DONTUPARTY_no,DONTUOTHER_no,DONGOVCONPARTY_no,DONGOVCONOTHER_no,DONGOVCORPPARTY_yes,DONGOVCORPOTHER_no,DONLIMPARTY_yes,DONLIMOTHER_no,DONIKLIMPARTY_yes,DONIKLIMOTHER_no,DONBANK_yes,OTHERACTORS_zero
DJI,Africa,Djibouti,LIMSPENDTYPE_no,LIMSPENDPARTY_no,LIMSPENDOTHER_no,LIMSPENDMEDIA_no,LIMSPENDONLINE_no,RESTRONLINE_no,PUBFUNDPARTY_g,PUBFUNDOTHER_no,FREEMEDIAPARTY_no,FREEMEDIAOTHER_no,INDIRPUBFUND_no,FINREPPARTY_g,FINREPOTHER_no,FINREPPUBLIC_no,FINREPDONOR_no,FINREPINCOME_no,FINREPSPEND_no,TRANSPONLINE_no,SANCTIONS_yes,MONITORBODY_g,REGPARTY_no,NA,REGOTHER_no,NA,DONFORPARTY_yes,DONFOROTHER_no,DONCORPPARTY_no,DONCORPOTHER_no,DONTUPARTY_no,DONTUOTHER_no,DONGOVCONPARTY_no,DONGOVCONOTHER_no,DONGOVCORPPARTY_no,DONGOVCORPOTHER_no,DONLIMPARTY_no,DONLIMOTHER_no,DONIKLIMPARTY_no,DONIKLIMOTHER_no,DONBANK_no,OTHERACTORS_zero
DMA,North America,Dominicana,LIMSPENDTYPE_no,LIMSPENDPARTY_no,LIMSPENDOTHER_no,LIMSPENDMEDIA_no,LIMSPENDONLINE_no,RESTRONLINE_no,PUBFUNDPARTY_no,PUBFUNDOTHER_no,FREEMEDIAPARTY_no,FREEMEDIAOTHER_no,INDIRPUBFUND_no,FINREPPARTY_no,FINREPOTHER_no,FINREPPUBLIC_no,FINREPDONOR_no,FINREPINCOME_no,FINREPSPEND_no,TRANSPONLINE_no,SANCTIONS_no,MONITORBODY_no,REGPARTY_no,NA,REGOTHER_no,NA,DONFORPARTY_no,DONFOROTHER_no,DONCORPPARTY_no,DONCORPOTHER_no,DONTUPARTY_no,DONTUOTHER_no,DONGOVCONPARTY_no,DONGOVCONOTHER_no,DONGOVCORPPARTY_no,DONGOVCORPOTHER_no,DONLIMPARTY_no,DONLIMOTHER_no,DONIKLIMPARTY_no,DONIKLIMOTHER_no,DONBANK_no,OTHERACTORS_zero
DNK,Europe,Denmark,LIMSPENDTYPE_no,LIMSPENDPARTY_no,LIMSPENDOTHER_no,LIMSPENDMEDIA_no,LIMSPENDONLINE_no,RESTRONLINE_no,PUBFUNDPARTY_g,PUBFUNDOTHER_no,FREEMEDIAPARTY_no,FREEMEDIAOTHER_no,INDIRPUBFUND_no,FINREPPARTY_g,FINREPOTHER_no,FINREPPUBLIC_yes,FINREPDONOR_ca,FINREPINCOME_yes,FINREPSPEND_no,TRANSPONLINE_no,SANCTIONS_yes,MONITORBODY_g,REGPARTY_no,NA,REGOTHER_no,NA,DONFORPARTY_no,DONFOROTHER_no,DONCORPPARTY_no,DONCORPOTHER_no,DONTUPARTY_no,DONTUOTHER_no,DONGOVCONPARTY_no,DONGOVCONOTHER_no,DONGOVCORPPARTY_no,DONGOVCORPOTHER_no,DONLIMPARTY_no,DONLIMOTHER_no,DONIKLIMPARTY_no,DONIKLIMOTHER_no,DONBANK_no,OTHERACTORS_zero
DOM,North America,Dominican Republic,LIMSPENDTYPE_yes,LIMSPENDPARTY_yes,NA,LIMSPENDMEDIA_yes,LIMSPENDONLINE_yes,RESTRONLINE_yes,PUBFUNDPARTY_no,NA,FREEMEDIAPARTY_no,NA,INDIRPUBFUND_no,FINREPPARTY_no,NA,FINREPPUBLIC_no,FINREPDONOR_no,FINREPINCOME_no,FINREPSPEND_no,TRANSPONLINE_no,SANCTIONS_no,MONITORBODY_no,REGPARTY_no,NA,NA,NA,DONFORPARTY_yes,NA,DONCORPPARTY_yes,NA,DONTUPARTY_yes,NA,DONGOVCONPARTY_yes,NA,DONGOVCORPPARTY_yes,NA,DONLIMPARTY_yes,NA,DONIKLIMPARTY_yes,NA,DONBANK_no,OTHERACTORS_banned
DZA,Africa,Algeria,LIMSPENDTYPE_no,LIMSPENDPARTY_no,LIMSPENDOTHER_no,LIMSPENDMEDIA_no,LIMSPENDONLINE_no,RESTRONLINE_no,PUBFUNDPARTY_g,PUBFUNDOTHER_no,FREEMEDIAPARTY_yes,FREEMEDIAOTHER_no,INDIRPUBFUND_no,FINREPPARTY_g,FINREPOTHER_no,FINREPPUBLIC_no,FINREPDONOR_no,FINREPINCOME_no,FINREPSPEND_no,TRANSPONLINE_no,SANCTIONS_yes,MONITORBODY_g,REGPARTY_no,NA,REGOTHER_no,NA,DONFORPARTY_yes,DONFOROTHER_no,DONCORPPARTY_yes,DONCORPOTHER_no,DONTUPARTY_yes,DONTUOTHER_no,DONGOVCONPARTY_yes,DONGOVCONOTHER_no,DONGOVCORPPARTY_yes,DONGOVCORPOTHER_no,DONLIMPARTY_yes,DONLIMOTHER_no,DONIKLIMPARTY_yes,DONIKLIMOTHER_no,DONBANK_yes,OTHERACTORS_zero
ECU,South America,Ecuador,LIMSPENDTYPE_yes,LIMSPENDPARTY_yes,LIMSPENDOTHER_yes,LIMSPENDMEDIA_yes,LIMSPENDONLINE_yes,RESTRONLINE_yes,PUBFUNDPARTY_g,PUBFUNDOTHER_no,FREEMEDIAPARTY_yes,FREEMEDIAOTHER_no,INDIRPUBFUND_yes,FINREPPARTY_yes,FINREPOTHER_yes,FINREPPUBLIC_yes,FINREPDONOR_yes,FINREPINCOME_yes,FINREPSPEND_yes,TRANSPONLINE_yes,SANCTIONS_yes,MONITORBODY_g,REGPARTY_no,NA,REGOTHER_no,NA,DONFORPARTY_yes,DONFOROTHER_yes,DONCORPPARTY_no,DONCORPOTHER_no,DONTUPARTY_no,DONTUOTHER_no,DONGOVCONPARTY_yes,DONGOVCONOTHER_yes,DONGOVCORPPARTY_yes,DONGOVCORPOTHER_yes,DONLIMPARTY_yes,DONLIMOTHER_yes,DONIKLIMPARTY_yes,DONIKLIMOTHER_yes,DONBANK_yes,OTHERACTORS_high
ESP,Europe,Spain,LIMSPENDTYPE_yes,LIMSPENDPARTY_no,LIMSPENDOTHER_no,LIMSPENDMEDIA_yes,LIMSPENDONLINE_no,RESTRONLINE_yes,PUBFUNDPARTY_g,PUBFUNDOTHER_no,FREEMEDIAPARTY_yes,FREEMEDIAOTHER_no,INDIRPUBFUND_yes,FINREPPARTY_g,FINREPOTHER_no,FINREPPUBLIC_yes,FINREPDONOR_ca,FINREPINCOME_yes,FINREPSPEND_yes,TRANSPONLINE_yes,SANCTIONS_yes,MONITORBODY_g,REGPARTY_no,NA,REGOTHER_no,NA,DONFORPARTY_yes,DONFOROTHER_no,DONCORPPARTY_yes,DONCORPOTHER_no,DONTUPARTY_yes,DONTUOTHER_no,DONGOVCONPARTY_yes,DONGOVCONOTHER_no,DONGOVCORPPARTY_yes,DONGOVCORPOTHER_no,DONLIMPARTY_yes,DONLIMOTHER_no,DONIKLIMPARTY_yes,DONIKLIMOTHER_no,DONBANK_yes,OTHERACTORS_zero
EST,Europe,Estonia,LIMSPENDTYPE_no,LIMSPENDPARTY_no,LIMSPENDOTHER_no,LIMSPENDMEDIA_no,LIMSPENDONLINE_no,RESTRONLINE_no,PUBFUNDPARTY_g,PUBFUNDOTHER_no,FREEMEDIAPARTY_no,FREEMEDIAOTHER_no,INDIRPUBFUND_no,FINREPPARTY_g,FINREPOTHER_no,FINREPPUBLIC_yes,FINREPDONOR_yes,FINREPINCOME_yes,FINREPSPEND_yes,TRANSPONLINE_yes,SANCTIONS_yes,MONITORBODY_g,REGPARTY_no,NA,REGOTHER_no,NA,DONFORPARTY_yes,DONFOROTHER_no,DONCORPPARTY_yes,DONCORPOTHER_no,DONTUPARTY_yes,DONTUOTHER_no,DONGOVCONPARTY_yes,DONGOVCONOTHER_no,DONGOVCORPPARTY_yes,DONGOVCORPOTHER_no,DONLIMPARTY_yes,DONLIMOTHER_no,DONIKLIMPARTY_yes,DONIKLIMOTHER_no,DONBANK_no,OTHERACTORS_zero
ETH,Africa,Ethiopia,LIMSPENDTYPE_no,LIMSPENDPARTY_no,LIMSPENDOTHER_no,LIMSPENDMEDIA_no,LIMSPENDONLINE_no,RESTRONLINE_no,PUBFUNDPARTY_g,PUBFUNDOTHER_no,FREEMEDIAPARTY_no,FREEMEDIAOTHER_no,INDIRPUBFUND_yes,FINREPPARTY_g,FINREPOTHER_no,FINREPPUBLIC_yes,FINREPDONOR_yes,FINREPINCOME_yes,FINREPSPEND_yes,TRANSPONLINE_no,SANCTIONS_yes,MONITORBODY_g,REGPARTY_no,NA,REGOTHER_no,NA,DONFORPARTY_yes,DONFOROTHER_no,DONCORPPARTY_no,DONCORPOTHER_no,DONTUPARTY_yes,DONTUOTHER_no,DONGOVCONPARTY_no,DONGOVCONOTHER_no,DONGOVCORPPARTY_yes,DONGOVCORPOTHER_no,DONLIMPARTY_no,DONLIMOTHER_no,DONIKLIMPARTY_no,DONIKLIMOTHER_no,DONBANK_no,OTHERACTORS_zero
FIN,Europe,Finland,LIMSPENDTYPE_no,LIMSPENDPARTY_no,LIMSPENDOTHER_no,LIMSPENDMEDIA_no,LIMSPENDONLINE_no,RESTRONLINE_no,PUBFUNDPARTY_g,PUBFUNDOTHER_no,FREEMEDIAPARTY_no,FREEMEDIAOTHER_no,INDIRPUBFUND_no,FINREPPARTY_g,FINREPOTHER_no,FINREPPUBLIC_yes,FINREPDONOR_yes,FINREPINCOME_yes,FINREPSPEND_yes,TRANSPONLINE_no,SANCTIONS_yes,MONITORBODY_g,REGPARTY_no,NA,REGOTHER_no,NA,DONFORPARTY_yes,DONFOROTHER_no,DONCORPPARTY_no,DONCORPOTHER_no,DONTUPARTY_no,DONTUOTHER_no,DONGOVCONPARTY_yes,DONGOVCONOTHER_no,DONGOVCORPPARTY_yes,DONGOVCORPOTHER_no,DONLIMPARTY_yes,DONLIMOTHER_no,DONIKLIMPARTY_no,DONIKLIMOTHER_no,DONBANK_no,OTHERACTORS_zero
FJI,Oceania,Fiji,LIMSPENDTYPE_no,LIMSPENDPARTY_no,LIMSPENDOTHER_no,LIMSPENDMEDIA_no,LIMSPENDONLINE_no,RESTRONLINE_no,PUBFUNDPARTY_no,PUBFUNDOTHER_no,FREEMEDIAPARTY_no,FREEMEDIAOTHER_no,INDIRPUBFUND_no,FINREPPARTY_g,FINREPOTHER_no,FINREPPUBLIC_yes,FINREPDONOR_yes,FINREPINCOME_yes,FINREPSPEND_no,TRANSPONLINE_no,SANCTIONS_yes,MONITORBODY_g,REGPARTY_no,NA,REGOTHER_no,NA,DONFORPARTY_yes,DONFOROTHER_no,DONCORPPARTY_yes,DONCORPOTHER_no,DONTUPARTY_yes,DONTUOTHER_no,DONGOVCONPARTY_yes,DONGOVCONOTHER_no,DONGOVCORPPARTY_yes,DONGOVCORPOTHER_no,DONLIMPARTY_yes,DONLIMOTHER_no,DONIKLIMPARTY_yes,DONIKLIMOTHER_no,DONBANK_no,OTHERACTORS_zero
FRA,Europe,France,LIMSPENDTYPE_no,LIMSPENDPARTY_yes,NA,LIMSPENDMEDIA_yes,LIMSPENDONLINE_yes,RESTRONLINE_yes,PUBFUNDPARTY_yes,NA,FREEMEDIAPARTY_no,NA,INDIRPUBFUND_no,FINREPPARTY_yes,NA,FINREPPUBLIC_yes,FINREPDONOR_yes,FINREPINCOME_yes,FINREPSPEND_yes,TRANSPONLINE_yes,SANCTIONS_yes,MONITORBODY_g,REGPARTY_no,NA,NA,NA,DONFORPARTY_yes,NA,DONCORPPARTY_yes,NA,DONTUPARTY_yes,NA,DONGOVCONPARTY_yes,NA,DONGOVCORPPARTY_yes,NA,DONLIMPARTY_yes,NA,DONIKLIMPARTY_yes,NA,DONBANK_yes,OTHERACTORS_banned
FSM,Oceania,Federated States of Micronesia,LIMSPENDTYPE_no,LIMSPENDPARTY_no,LIMSPENDOTHER_no,LIMSPENDMEDIA_no,LIMSPENDONLINE_no,RESTRONLINE_no,PUBFUNDPARTY_no,PUBFUNDOTHER_no,FREEMEDIAPARTY_no,FREEMEDIAOTHER_no,INDIRPUBFUND_no,FINREPPARTY_no,FINREPOTHER_no,FINREPPUBLIC_no,FINREPDONOR_no,FINREPINCOME_no,FINREPSPEND_no,TRANSPONLINE_no,SANCTIONS_no,MONITORBODY_no,REGPARTY_no,NA,REGOTHER_no,NA,DONFORPARTY_no,DONFOROTHER_no,DONCORPPARTY_no,DONCORPOTHER_no,DONTUPARTY_no,DONTUOTHER_no,DONGOVCONPARTY_no,DONGOVCONOTHER_no,DONGOVCORPPARTY_no,DONGOVCORPOTHER_no,DONLIMPARTY_no,DONLIMOTHER_no,DONIKLIMPARTY_no,DONIKLIMOTHER_no,DONBANK_no,OTHERACTORS_zero
GBR,Europe,United Kingdom,LIMSPENDTYPE_yes,LIMSPENDPARTY_yes,LIMSPENDOTHER_yes,LIMSPENDMEDIA_yes,LIMSPENDONLINE_yes,RESTRONLINE_no,PUBFUNDPARTY_no,PUBFUNDOTHER_yes,FREEMEDIAPARTY_no,FREEMEDIAOTHER_yes,INDIRPUBFUND_yes,FINREPPARTY_yes,FINREPOTHER_yes,FINREPPUBLIC_yes,FINREPDONOR_yes,FINREPINCOME_yes,FINREPSPEND_yes,TRANSPONLINE_no,SANCTIONS_yes,MONITORBODY_g,REGPARTY_yes,REGREQPARTY_yes,REGOTHER_yes,REGREQOTHER_yes,DONFORPARTY_yes,DONFOROTHER_yes,DONCORPPARTY_no,DONCORPOTHER_no,DONTUPARTY_no,DONTUOTHER_no,DONGOVCONPARTY_yes,DONGOVCONOTHER_yes,DONGOVCORPPARTY_yes,DONGOVCORPOTHER_yes,DONLIMPARTY_no,DONLIMOTHER_no,DONIKLIMPARTY_no,DONIKLIMOTHER_no,DONBANK_no,OTHERACTORS_high
GEO,Asia,Georgia,LIMSPENDTYPE_no,LIMSPENDPARTY_yes,LIMSPENDOTHER_yes,LIMSPENDMEDIA_yes,LIMSPENDONLINE_yes,RESTRONLINE_no,PUBFUNDPARTY_g,PUBFUNDOTHER_no,FREEMEDIAPARTY_yes,FREEMEDIAOTHER_no,INDIRPUBFUND_no,FINREPPARTY_g,FINREPOTHER_no,FINREPPUBLIC_yes,FINREPDONOR_yes,FINREPINCOME_yes,FINREPSPEND_yes,TRANSPONLINE_no,SANCTIONS_yes,MONITORBODY_g,REGPARTY_no,NA,REGOTHER_no,NA,DONFORPARTY_yes,DONFOROTHER_no,DONCORPPARTY_yes,DONCORPOTHER_no,DONTUPARTY_yes,DONTUOTHER_no,DONGOVCONPARTY_yes,DONGOVCONOTHER_no,DONGOVCORPPARTY_yes,DONGOVCORPOTHER_no,DONLIMPARTY_yes,DONLIMOTHER_no,DONIKLIMPARTY_yes,DONIKLIMOTHER_no,DONBANK_yes,OTHERACTORS_low
GHA,Africa,Ghana,LIMSPENDTYPE_no,LIMSPENDPARTY_no,LIMSPENDOTHER_no,LIMSPENDMEDIA_no,LIMSPENDONLINE_no,RESTRONLINE_no,PUBFUNDPARTY_no,PUBFUNDOTHER_no,FREEMEDIAPARTY_no,FREEMEDIAOTHER_no,INDIRPUBFUND_no,FINREPPARTY_g,FINREPOTHER_no,FINREPPUBLIC_yes,FINREPDONOR_yes,FINREPINCOME_yes,FINREPSPEND_no,TRANSPONLINE_no,SANCTIONS_yes,MONITORBODY_g,REGPARTY_no,NA,REGOTHER_no,NA,DONFORPARTY_yes,DONFOROTHER_no,DONCORPPARTY_yes,DONCORPOTHER_no,DONTUPARTY_yes,DONTUOTHER_no,DONGOVCONPARTY_yes,DONGOVCONOTHER_no,DONGOVCORPPARTY_yes,DONGOVCORPOTHER_no,DONLIMPARTY_no,DONLIMOTHER_no,DONIKLIMPARTY_no,DONIKLIMOTHER_no,DONBANK_no,OTHERACTORS_zero
GMB,Africa,Gambia,LIMSPENDTYPE_no,LIMSPENDPARTY_no,LIMSPENDOTHER_no,LIMSPENDMEDIA_no,LIMSPENDONLINE_no,RESTRONLINE_no,PUBFUNDPARTY_no,PUBFUNDOTHER_no,FREEMEDIAPARTY_no,FREEMEDIAOTHER_no,INDIRPUBFUND_yes,FINREPPARTY_no,FINREPOTHER_no,FINREPPUBLIC_no,FINREPDONOR_no,FINREPINCOME_no,FINREPSPEND_no,TRANSPONLINE_no,SANCTIONS_yes,MONITORBODY_no,REGPARTY_no,NA,REGOTHER_no,NA,DONFORPARTY_yes,DONFOROTHER_no,DONCORPPARTY_yes,DONCORPOTHER_no,DONTUPARTY_yes,DONTUOTHER_no,DONGOVCONPARTY_yes,DONGOVCONOTHER_no,DONGOVCORPPARTY_yes,DONGOVCORPOTHER_no,DONLIMPARTY_no,DONLIMOTHER_no,DONIKLIMPARTY_no,DONIKLIMOTHER_no,DONBANK_no,OTHERACTORS_zero
GRC,Europe,Greece,LIMSPENDTYPE_yes,LIMSPENDPARTY_yes,LIMSPENDOTHER_yes,LIMSPENDMEDIA_yes,LIMSPENDONLINE_yes,RESTRONLINE_no,PUBFUNDPARTY_g,PUBFUNDOTHER_no,FREEMEDIAPARTY_yes,FREEMEDIAOTHER_yes,INDIRPUBFUND_yes,FINREPPARTY_yes,FINREPOTHER_yes,FINREPPUBLIC_yes,FINREPDONOR_no,FINREPINCOME_yes,FINREPSPEND_yes,TRANSPONLINE_no,SANCTIONS_yes,MONITORBODY_g,REGPARTY_no,NA,REGOTHER_no,NA,DONFORPARTY_yes,DONFOROTHER_yes,DONCORPPARTY_yes,DONCORPOTHER_yes,DONTUPARTY_yes,DONTUOTHER_yes,DONGOVCONPARTY_yes,DONGOVCONOTHER_yes,DONGOVCORPPARTY_yes,DONGOVCORPOTHER_yes,DONLIMPARTY_yes,DONLIMOTHER_yes,DONIKLIMPARTY_no,DONIKLIMOTHER_no,DONBANK_yes,OTHERACTORS_high
GRD,North America,Grenada,LIMSPENDTYPE_no,LIMSPENDPARTY_no,LIMSPENDOTHER_no,LIMSPENDMEDIA_no,LIMSPENDONLINE_no,RESTRONLINE_no,PUBFUNDPARTY_no,PUBFUNDOTHER_no,FREEMEDIAPARTY_no,FREEMEDIAOTHER_no,INDIRPUBFUND_no,FINREPPARTY_no,FINREPOTHER_no,FINREPPUBLIC_no,FINREPDONOR_no,FINREPINCOME_no,FINREPSPEND_no,TRANSPONLINE_no,SANCTIONS_no,MONITORBODY_no,REGPARTY_no,NA,REGOTHER_no,NA,DONFORPARTY_no,DONFOROTHER_no,DONCORPPARTY_no,DONCORPOTHER_no,DONTUPARTY_no,DONTUOTHER_no,DONGOVCONPARTY_no,DONGOVCONOTHER_no,DONGOVCORPPARTY_no,DONGOVCORPOTHER_no,DONLIMPARTY_no,DONLIMOTHER_no,DONIKLIMPARTY_no,DONIKLIMOTHER_no,DONBANK_no,OTHERACTORS_zero
GTM,North America,Guatemala,LIMSPENDTYPE_no,LIMSPENDPARTY_yes,NA,LIMSPENDMEDIA_yes,LIMSPENDONLINE_yes,RESTRONLINE_no,PUBFUNDPARTY_g,NA,FREEMEDIAPARTY_no,NA,INDIRPUBFUND_no,FINREPPARTY_yes,NA,FINREPPUBLIC_yes,FINREPDONOR_yes,FINREPINCOME_yes,FINREPSPEND_yes,TRANSPONLINE_no,SANCTIONS_yes,MONITORBODY_g,REGPARTY_no,NA,NA,NA,DONFORPARTY_yes,NA,DONCORPPARTY_no,NA,DONTUPARTY_no,NA,DONGOVCONPARTY_no,NA,DONGOVCORPPARTY_yes,NA,DONLIMPARTY_yes,NA,DONIKLIMPARTY_yes,NA,DONBANK_yes,OTHERACTORS_banned
HRV,Europe,Croatia,LIMSPENDTYPE_yes,LIMSPENDPARTY_yes,LIMSPENDOTHER_yes,LIMSPENDMEDIA_yes,LIMSPENDONLINE_yes,RESTRONLINE_no,PUBFUNDPARTY_g,PUBFUNDOTHER_no,FREEMEDIAPARTY_no,FREEMEDIAOTHER_no,INDIRPUBFUND_no,FINREPPARTY_yes,FINREPOTHER_yes,FINREPPUBLIC_yes,FINREPDONOR_yes,FINREPINCOME_yes,FINREPSPEND_yes,TRANSPONLINE_no,SANCTIONS_yes,MONITORBODY_g,REGPARTY_yes,REGREQPARTY_no,REGOTHER_yes,REGREQOTHER_no,DONFORPARTY_yes,DONFOROTHER_yes,DONCORPPARTY_no,DONCORPOTHER_no,DONTUPARTY_no,DONTUOTHER_no,DONGOVCONPARTY_no,DONGOVCONOTHER_no,DONGOVCORPPARTY_yes,DONGOVCORPOTHER_yes,DONLIMPARTY_yes,DONLIMOTHER_yes,DONIKLIMPARTY_yes,DONIKLIMOTHER_yes,DONBANK_yes,OTHERACTORS_high
HUN,Europe,Hungary,LIMSPENDTYPE_no,LIMSPENDPARTY_no,LIMSPENDOTHER_no,LIMSPENDMEDIA_no,LIMSPENDONLINE_no,RESTRONLINE_no,PUBFUNDPARTY_g,PUBFUNDOTHER_no,FREEMEDIAPARTY_yes,FREEMEDIAOTHER_yes,INDIRPUBFUND_no,FINREPPARTY_g,FINREPOTHER_no,FINREPPUBLIC_yes,FINREPDONOR_yes,FINREPINCOME_yes,FINREPSPEND_yes,TRANSPONLINE_no,SANCTIONS_yes,MONITORBODY_g,REGPARTY_no,NA,REGOTHER_no,NA,DONFORPARTY_yes,DONFOROTHER_no,DONCORPPARTY_yes,DONCORPOTHER_no,DONTUPARTY_yes,DONTUOTHER_no,DONGOVCONPARTY_yes,DONGOVCONOTHER_no,DONGOVCORPPARTY_yes,DONGOVCORPOTHER_no,DONLIMPARTY_no,DONLIMOTHER_no,DONIKLIMPARTY_no,DONIKLIMOTHER_no,DONBANK_no,OTHERACTORS_low
IRL,Europe,Ireland,LIMSPENDTYPE_no,LIMSPENDPARTY_no,LIMSPENDOTHER_no,LIMSPENDMEDIA_no,LIMSPENDONLINE_no,RESTRONLINE_yes,PUBFUNDPARTY_no,PUBFUNDOTHER_no,FREEMEDIAPARTY_no,FREEMEDIAOTHER_no,INDIRPUBFUND_no,FINREPPARTY_g,FINREPOTHER_yes,FINREPPUBLIC_yes,FINREPDONOR_ca,FINREPINCOME_no,FINREPSPEND_no,TRANSPONLINE_yes,SANCTIONS_yes,MONITORBODY_g,REGPARTY_no,NA,REGOTHER_no,NA,DONFORPARTY_yes,DONFOROTHER_yes,DONCORPPARTY_no,DONCORPOTHER_no,DONTUPARTY_no,DONTUOTHER_no,DONGOVCONPARTY_no,DONGOVCONOTHER_no,DONGOVCORPPARTY_no,DONGOVCORPOTHER_no,DONLIMPARTY_yes,DONLIMOTHER_no,DONIKLIMPARTY_yes,DONIKLIMOTHER_no,DONBANK_yes,OTHERACTORS_low
IRN,Asia,Iran,LIMSPENDTYPE_no,LIMSPENDPARTY_no,LIMSPENDOTHER_no,LIMSPENDMEDIA_no,LIMSPENDONLINE_no,RESTRONLINE_no,PUBFUNDPARTY_g,PUBFUNDOTHER_no,FREEMEDIAPARTY_no,FREEMEDIAOTHER_no,INDIRPUBFUND_yes,FINREPPARTY_g,FINREPOTHER_no,FINREPPUBLIC_no,FINREPDONOR_yes,FINREPINCOME_no,FINREPSPEND_no,TRANSPONLINE_no,SANCTIONS_yes,MONITORBODY_g,REGPARTY_no,NA,REGOTHER_no,NA,DONFORPARTY_yes,DONFOROTHER_no,DONCORPPARTY_yes,DONCORPOTHER_no,DONTUPARTY_yes,DONTUOTHER_no,DONGOVCONPARTY_yes,DONGOVCONOTHER_no,DONGOVCORPPARTY_yes,DONGOVCORPOTHER_no,DONLIMPARTY_no,DONLIMOTHER_no,DONIKLIMPARTY_no,DONIKLIMOTHER_no,DONBANK_yes,OTHERACTORS_zero
IRQ,Asia,Iraq,LIMSPENDTYPE_no,LIMSPENDPARTY_no,LIMSPENDOTHER_no,LIMSPENDMEDIA_no,LIMSPENDONLINE_no,RESTRONLINE_no,PUBFUNDPARTY_g,PUBFUNDOTHER_no,FREEMEDIAPARTY_no,FREEMEDIAOTHER_no,INDIRPUBFUND_no,FINREPPARTY_g,FINREPOTHER_no,FINREPPUBLIC_no,FINREPDONOR_yes,FINREPINCOME_yes,FINREPSPEND_yes,TRANSPONLINE_no,SANCTIONS_yes,MONITORBODY_g,REGPARTY_no,NA,REGOTHER_no,NA,DONFORPARTY_yes,DONFOROTHER_no,DONCORPPARTY_no,DONCORPOTHER_no,DONTUPARTY_no,DONTUOTHER_no,DONGOVCONPARTY_yes,DONGOVCONOTHER_no,DONGOVCORPPARTY_yes,DONGOVCORPOTHER_no,DONLIMPARTY_no,DONLIMOTHER_no,DONIKLIMPARTY_no,DONIKLIMOTHER_no,DONBANK_yes,OTHERACTORS_zero
ISL,Europe,Iceland,LIMSPENDTYPE_no,LIMSPENDPARTY_no,LIMSPENDOTHER_no,LIMSPENDMEDIA_no,LIMSPENDONLINE_no,RESTRONLINE_no,PUBFUNDPARTY_g,PUBFUNDOTHER_no,FREEMEDIAPARTY_no,FREEMEDIAOTHER_no,INDIRPUBFUND_no,FINREPPARTY_g,FINREPOTHER_no,FINREPPUBLIC_yes,FINREPDONOR_yes,FINREPINCOME_yes,FINREPSPEND_yes,TRANSPONLINE_no,SANCTIONS_yes,MONITORBODY_g,REGPARTY_no,NA,REGOTHER_no,NA,DONFORPARTY_yes,DONFOROTHER_no,DONCORPPARTY_no,DONCORPOTHER_no,DONTUPARTY_no,DONTUOTHER_no,DONGOVCONPARTY_no,DONGOVCONOTHER_no,DONGOVCORPPARTY_yes,DONGOVCORPOTHER_no,DONLIMPARTY_yes,DONLIMOTHER_no,DONIKLIMPARTY_yes,DONIKLIMOTHER_no,DONBANK_yes,OTHERACTORS_zero
ITA,Europe,Italy,LIMSPENDTYPE_no,LIMSPENDPARTY_no,LIMSPENDOTHER_no,LIMSPENDMEDIA_no,LIMSPENDONLINE_no,RESTRONLINE_no,PUBFUNDPARTY_no,PUBFUNDOTHER_no,FREEMEDIAPARTY_yes,FREEMEDIAOTHER_yes,INDIRPUBFUND_no,FINREPPARTY_g,FINREPOTHER_no,FINREPPUBLIC_yes,FINREPDONOR_ca,FINREPINCOME_yes,FINREPSPEND_yes,TRANSPONLINE_no,SANCTIONS_yes,MONITORBODY_g,REGPARTY_no,NA,REGOTHER_no,NA,DONFORPARTY_yes,DONFOROTHER_no,DONCORPPARTY_no,DONCORPOTHER_no,DONTUPARTY_no,DONTUOTHER_no,DONGOVCONPARTY_no,DONGOVCONOTHER_no,DONGOVCORPPARTY_yes,DONGOVCORPOTHER_yes,DONLIMPARTY_yes,DONLIMOTHER_no,DONIKLIMPARTY_yes,DONIKLIMOTHER_no,DONBANK_yes,OTHERACTORS_low
JAM,North America,Jamaica,LIMSPENDTYPE_no,LIMSPENDPARTY_no,LIMSPENDOTHER_no,LIMSPENDMEDIA_no,LIMSPENDONLINE_no,RESTRONLINE_no,PUBFUNDPARTY_g,PUBFUNDOTHER_no,FREEMEDIAPARTY_no,FREEMEDIAOTHER_no,INDIRPUBFUND_no,FINREPPARTY_g,FINREPOTHER_no,FINREPPUBLIC_yes,FINREPDONOR_yes,FINREPINCOME_yes,FINREPSPEND_yes,TRANSPONLINE_no,SANCTIONS_yes,MONITORBODY_g,REGPARTY_no,NA,REGOTHER_no,NA,DONFORPARTY_yes,DONFOROTHER_no,DONCORPPARTY_no,DONCORPOTHER_no,DONTUPARTY_no,DONTUOTHER_no,DONGOVCONPARTY_no,DONGOVCONOTHER_no,DONGOVCORPPARTY_no,DONGOVCORPOTHER_no,DONLIMPARTY_yes,DONLIMOTHER_no,DONIKLIMPARTY_yes,DONIKLIMOTHER_no,DONBANK_no,OTHERACTORS_zero
JPN,Asia,Japan,LIMSPENDTYPE_no,LIMSPENDPARTY_no,LIMSPENDOTHER_no,LIMSPENDMEDIA_no,LIMSPENDONLINE_no,RESTRONLINE_no,PUBFUNDPARTY_g,PUBFUNDOTHER_no,FREEMEDIAPARTY_yes,FREEMEDIAOTHER_no,INDIRPUBFUND_no,FINREPPARTY_g,FINREPOTHER_no,FINREPPUBLIC_yes,FINREPDONOR_ca,FINREPINCOME_yes,FINREPSPEND_yes,TRANSPONLINE_no,SANCTIONS_yes,MONITORBODY_g,REGPARTY_no,NA,REGOTHER_no,NA,DONFORPARTY_yes,DONFOROTHER_no,DONCORPPARTY_no,DONCORPOTHER_no,DONTUPARTY_no,DONTUOTHER_no,DONGOVCONPARTY_no,DONGOVCONOTHER_no,DONGOVCORPPARTY_yes,DONGOVCORPOTHER_no,DONLIMPARTY_yes,DONLIMOTHER_no,DONIKLIMPARTY_no,DONIKLIMOTHER_no,DONBANK_no,OTHERACTORS_zero
KAZ,Asia,Kazakhstan,LIMSPENDTYPE_no,LIMSPENDPARTY_no,LIMSPENDOTHER_no,LIMSPENDMEDIA_no,LIMSPENDONLINE_no,RESTRONLINE_yes,PUBFUNDPARTY_g,PUBFUNDOTHER_no,FREEMEDIAPARTY_no,FREEMEDIAOTHER_no,INDIRPUBFUND_no,FINREPPARTY_no,FINREPOTHER_no,FINREPPUBLIC_no,FINREPDONOR_no,FINREPINCOME_no,FINREPSPEND_no,TRANSPONLINE_yes,SANCTIONS_yes,MONITORBODY_yes,REGPARTY_no,NA,REGOTHER_no,NA,DONFORPARTY_yes,DONFOROTHER_yes,DONCORPPARTY_no,DONCORPOTHER_no,DONTUPARTY_no,DONTUOTHER_no,DONGOVCONPARTY_no,DONGOVCONOTHER_no,DONGOVCORPPARTY_no,DONGOVCORPOTHER_no,DONLIMPARTY_no,DONLIMOTHER_no,DONIKLIMPARTY_no,DONIKLIMOTHER_no,DONBANK_yes,OTHERACTORS_low
KEN,Africa,Kenya,LIMSPENDTYPE_no,LIMSPENDPARTY_yes,LIMSPENDOTHER_yes,LIMSPENDMEDIA_yes,LIMSPENDONLINE_yes,RESTRONLINE_no,PUBFUNDPARTY_g,PUBFUNDOTHER_no,FREEMEDIAPARTY_yes,FREEMEDIAOTHER_yes,INDIRPUBFUND_no,FINREPPARTY_yes,FINREPOTHER_yes,FINREPPUBLIC_no,FINREPDONOR_yes,FINREPINCOME_yes,FINREPSPEND_yes,TRANSPONLINE_no,SANCTIONS_yes,MONITORBODY_g,REGPARTY_yes,REGREQPARTY_yes,REGOTHER_yes,REGREQOTHER_yes,DONFORPARTY_yes,DONFOROTHER_yes,DONCORPPARTY_no,DONCORPOTHER_no,DONTUPARTY_no,DONTUOTHER_no,DONGOVCONPARTY_no,DONGOVCONOTHER_no,DONGOVCORPPARTY_yes,DONGOVCORPOTHER_yes,DONLIMPARTY_yes,DONLIMOTHER_yes,DONIKLIMPARTY_yes,DONIKLIMOTHER_yes,DONBANK_yes,OTHERACTORS_high
KGZ,Asia,Kyrgyzstan,LIMSPENDTYPE_no,LIMSPENDPARTY_no,LIMSPENDOTHER_no,LIMSPENDMEDIA_no,LIMSPENDONLINE_no,RESTRONLINE_no,PUBFUNDPARTY_no,PUBFUNDOTHER_no,FREEMEDIAPARTY_no,FREEMEDIAOTHER_yes,INDIRPUBFUND_no,FINREPPARTY_no,FINREPOTHER_yes,FINREPPUBLIC_yes,FINREPDONOR_yes,FINREPINCOME_yes,FINREPSPEND_yes,TRANSPONLINE_no,SANCTIONS_yes,MONITORBODY_g,REGPARTY_no,NA,REGOTHER_yes,REGREQOTHER_yes,DONFORPARTY_yes,DONFOROTHER_yes,DONCORPPARTY_no,DONCORPOTHER_no,DONTUPARTY_no,DONTUOTHER_no,DONGOVCONPARTY_no,DONGOVCONOTHER_no,DONGOVCORPPARTY_no,DONGOVCORPOTHER_yes,DONLIMPARTY_no,DONLIMOTHER_no,DONIKLIMPARTY_yes,DONIKLIMOTHER_yes,DONBANK_yes,OTHERACTORS_high
KIR,Oceania,Kiribati,LIMSPENDTYPE_no,LIMSPENDPARTY_no,LIMSPENDOTHER_no,LIMSPENDMEDIA_no,LIMSPENDONLINE_no,RESTRONLINE_no,PUBFUNDPARTY_no,PUBFUNDOTHER_no,FREEMEDIAPARTY_no,FREEMEDIAOTHER_no,INDIRPUBFUND_no,FINREPPARTY_no,FINREPOTHER_no,FINREPPUBLIC_no,FINREPDONOR_no,FINREPINCOME_no,FINREPSPEND_no,TRANSPONLINE_no,SANCTIONS_no,MONITORBODY_no,REGPARTY_no,NA,REGOTHER_no,NA,DONFORPARTY_no,DONFOROTHER_no,DONCORPPARTY_no,DONCORPOTHER_no,DONTUPARTY_no,DONTUOTHER_no,DONGOVCONPARTY_no,DONGOVCONOTHER_no,DONGOVCORPPARTY_no,DONGOVCORPOTHER_no,DONLIMPARTY_no,DONLIMOTHER_no,DONIKLIMPARTY_no,DONIKLIMOTHER_no,DONBANK_no,OTHERACTORS_zero
LBR,Africa,Liberia,LIMSPENDTYPE_no,LIMSPENDPARTY_yes,LIMSPENDOTHER_yes,LIMSPENDMEDIA_yes,LIMSPENDONLINE_yes,RESTRONLINE_no,PUBFUNDPARTY_no,PUBFUNDOTHER_no,FREEMEDIAPARTY_yes,FREEMEDIAOTHER_yes,INDIRPUBFUND_no,FINREPPARTY_yes,FINREPOTHER_yes,FINREPPUBLIC_yes,FINREPDONOR_yes,FINREPINCOME_yes,FINREPSPEND_yes,TRANSPONLINE_no,SANCTIONS_yes,MONITORBODY_g,REGPARTY_yes,REGREQPARTY_yes,REGOTHER_yes,REGREQOTHER_yes,DONFORPARTY_yes,DONFOROTHER_yes,DONCORPPARTY_yes,DONCORPOTHER_yes,DONTUPARTY_yes,DONTUOTHER_yes,DONGOVCONPARTY_yes,DONGOVCONOTHER_yes,DONGOVCORPPARTY_yes,DONGOVCORPOTHER_yes,DONLIMPARTY_yes,DONLIMOTHER_yes,DONIKLIMPARTY_no,DONIKLIMOTHER_no,DONBANK_yes,OTHERACTORS_high
LIE,Europe,Liechtenstein,LIMSPENDTYPE_no,LIMSPENDPARTY_no,LIMSPENDOTHER_no,LIMSPENDMEDIA_no,LIMSPENDONLINE_no,RESTRONLINE_no,PUBFUNDPARTY_g,PUBFUNDOTHER_no,FREEMEDIAPARTY_no,FREEMEDIAOTHER_no,INDIRPUBFUND_no,FINREPPARTY_g,FINREPOTHER_no,FINREPPUBLIC_yes,FINREPDONOR_no,FINREPINCOME_yes,FINREPSPEND_yes,TRANSPONLINE_no,SANCTIONS_yes,MONITORBODY_no,REGPARTY_no,NA,REGOTHER_no,NA,DONFORPARTY_no,DONFOROTHER_no,DONCORPPARTY_no,DONCORPOTHER_no,DONTUPARTY_no,DONTUOTHER_no,DONGOVCONPARTY_no,DONGOVCONOTHER_no,DONGOVCORPPARTY_no,DONGOVCORPOTHER_no,DONLIMPARTY_no,DONLIMOTHER_no,DONIKLIMPARTY_no,DONIKLIMOTHER_no,DONBANK_no,OTHERACTORS_zero
LKA,Asia,Sri Lanka,LIMSPENDTYPE_no,LIMSPENDPARTY_no,LIMSPENDOTHER_no,LIMSPENDMEDIA_no,LIMSPENDONLINE_no,RESTRONLINE_no,PUBFUNDPARTY_no,PUBFUNDOTHER_no,FREEMEDIAPARTY_no,FREEMEDIAOTHER_no,INDIRPUBFUND_no,FINREPPARTY_no,FINREPOTHER_no,FINREPPUBLIC_no,FINREPDONOR_no,FINREPINCOME_no,FINREPSPEND_no,TRANSPONLINE_no,SANCTIONS_no,MONITORBODY_no,REGPARTY_no,NA,REGOTHER_no,NA,DONFORPARTY_no,DONFOROTHER_no,DONCORPPARTY_no,DONCORPOTHER_no,DONTUPARTY_no,DONTUOTHER_no,DONGOVCONPARTY_no,DONGOVCONOTHER_no,DONGOVCORPPARTY_no,DONGOVCORPOTHER_no,DONLIMPARTY_no,DONLIMOTHER_no,DONIKLIMPARTY_no,DONIKLIMOTHER_no,DONBANK_no,OTHERACTORS_zero
LSO,Africa,Lesotho,LIMSPENDTYPE_no,LIMSPENDPARTY_no,LIMSPENDOTHER_no,LIMSPENDMEDIA_no,LIMSPENDONLINE_no,RESTRONLINE_no,PUBFUNDPARTY_no,PUBFUNDOTHER_no,FREEMEDIAPARTY_no,FREEMEDIAOTHER_no,INDIRPUBFUND_no,FINREPPARTY_no,FINREPOTHER_no,FINREPPUBLIC_no,FINREPDONOR_no,FINREPINCOME_no,FINREPSPEND_no,TRANSPONLINE_no,SANCTIONS_no,MONITORBODY_no,REGPARTY_no,NA,REGOTHER_no,NA,DONFORPARTY_no,DONFOROTHER_no,DONCORPPARTY_no,DONCORPOTHER_no,DONTUPARTY_no,DONTUOTHER_no,DONGOVCONPARTY_no,DONGOVCONOTHER_no,DONGOVCORPPARTY_no,DONGOVCORPOTHER_no,DONLIMPARTY_no,DONLIMOTHER_no,DONIKLIMPARTY_no,DONIKLIMOTHER_no,DONBANK_no,OTHERACTORS_zero
LTU,Europe,Lithuania,LIMSPENDTYPE_no,LIMSPENDPARTY_yes,LIMSPENDOTHER_yes,LIMSPENDMEDIA_yes,LIMSPENDONLINE_yes,RESTRONLINE_no,PUBFUNDPARTY_yes,PUBFUNDOTHER_no,FREEMEDIAPARTY_yes,FREEMEDIAOTHER_yes,INDIRPUBFUND_no,FINREPPARTY_yes,FINREPOTHER_yes,FINREPPUBLIC_yes,FINREPDONOR_yes,FINREPINCOME_yes,FINREPSPEND_yes,TRANSPONLINE_no,SANCTIONS_yes,MONITORBODY_g,REGPARTY_no,NA,REGOTHER_no,NA,DONFORPARTY_yes,DONFOROTHER_yes,DONCORPPARTY_no,DONCORPOTHER_no,DONTUPARTY_no,DONTUOTHER_no,DONGOVCONPARTY_yes,DONGOVCONOTHER_yes,DONGOVCORPPARTY_yes,DONGOVCORPOTHER_yes,DONLIMPARTY_yes,DONLIMOTHER_yes,DONIKLIMPARTY_yes,DONIKLIMOTHER_yes,DONBANK_yes,OTHERACTORS_high
LUX,Europe,Luxembourg,LIMSPENDTYPE_no,LIMSPENDPARTY_no,LIMSPENDOTHER_no,LIMSPENDMEDIA_no,LIMSPENDONLINE_no,RESTRONLINE_no,PUBFUNDPARTY_g,PUBFUNDOTHER_no,FREEMEDIAPARTY_no,FREEMEDIAOTHER_no,INDIRPUBFUND_no,FINREPPARTY_g,FINREPOTHER_no,FINREPPUBLIC_yes,FINREPDONOR_yes,FINREPINCOME_yes,FINREPSPEND_yes,TRANSPONLINE_no,SANCTIONS_yes,MONITORBODY_g,REGPARTY_no,NA,REGOTHER_no,NA,DONFORPARTY_no,DONFOROTHER_no,DONCORPPARTY_yes,DONCORPOTHER_no,DONTUPARTY_yes,DONTUOTHER_no,DONGOVCONPARTY_yes,DONGOVCONOTHER_no,DONGOVCORPPARTY_yes,DONGOVCORPOTHER_no,DONLIMPARTY_no,DONLIMOTHER_no,DONIKLIMPARTY_no,DONIKLIMOTHER_no,DONBANK_no,OTHERACTORS_zero
LVA,Europe,Latvia,LIMSPENDTYPE_yes,LIMSPENDPARTY_yes,LIMSPENDOTHER_yes,LIMSPENDMEDIA_yes,LIMSPENDONLINE_yes,RESTRONLINE_no,PUBFUNDPARTY_g,PUBFUNDOTHER_no,FREEMEDIAPARTY_no,FREEMEDIAOTHER_no,INDIRPUBFUND_yes,FINREPPARTY_yes,FINREPOTHER_yes,FINREPPUBLIC_yes,FINREPDONOR_no,FINREPINCOME_yes,FINREPSPEND_yes,TRANSPONLINE_yes,SANCTIONS_yes,MONITORBODY_g,REGPARTY_no,NA,REGOTHER_no,NA,DONFORPARTY_yes,DONFOROTHER_yes,DONCORPPARTY_yes,DONCORPOTHER_no,DONTUPARTY_yes,DONTUOTHER_no,DONGOVCONPARTY_yes,DONGOVCONOTHER_no,DONGOVCORPPARTY_yes,DONGOVCORPOTHER_no,DONLIMPARTY_yes,DONLIMOTHER_no,DONIKLIMPARTY_yes,DONIKLIMOTHER_no,DONBANK_yes,OTHERACTORS_low
MAR,Africa,Morocco,LIMSPENDTYPE_no,LIMSPENDPARTY_no,LIMSPENDOTHER_no,LIMSPENDMEDIA_no,LIMSPENDONLINE_no,RESTRONLINE_no,PUBFUNDPARTY_g,PUBFUNDOTHER_no,FREEMEDIAPARTY_yes,FREEMEDIAOTHER_yes,INDIRPUBFUND_yes,FINREPPARTY_g,FINREPOTHER_no,FINREPPUBLIC_yes,FINREPDONOR_no,FINREPINCOME_no,FINREPSPEND_yes,TRANSPONLINE_no,SANCTIONS_yes,MONITORBODY_no,REGPARTY_no,NA,REGOTHER_no,NA,DONFORPARTY_yes,DONFOROTHER_no,DONCORPPARTY_no,DONCORPOTHER_no,DONTUPARTY_no,DONTUOTHER_no,DONGOVCONPARTY_yes,DONGOVCONOTHER_no,DONGOVCORPPARTY_yes,DONGOVCORPOTHER_no,DONLIMPARTY_yes,DONLIMOTHER_no,DONIKLIMPARTY_yes,DONIKLIMOTHER_no,DONBANK_yes,OTHERACTORS_low
MDA,Europe,Moldova,LIMSPENDTYPE_no,LIMSPENDPARTY_yes,NA,LIMSPENDMEDIA_yes,LIMSPENDONLINE_yes,RESTRONLINE_yes,PUBFUNDPARTY_yes,NA,FREEMEDIAPARTY_yes,NA,INDIRPUBFUND_yes,FINREPPARTY_yes,NA,FINREPPUBLIC_yes,FINREPDONOR_yes,FINREPINCOME_yes,FINREPSPEND_yes,TRANSPONLINE_yes,SANCTIONS_yes,MONITORBODY_g,REGPARTY_yes,REGREQPARTY_yes,NA,NA,DONFORPARTY_yes,NA,DONCORPPARTY_no,NA,DONTUPARTY_yes,NA,DONGOVCONPARTY_yes,NA,DONGOVCORPPARTY_yes,NA,DONLIMPARTY_yes,NA,DONIKLIMPARTY_yes,NA,DONBANK_yes,OTHERACTORS_banned
MDG,Africa,Madagascar,LIMSPENDTYPE_no,LIMSPENDPARTY_no,LIMSPENDOTHER_no,LIMSPENDMEDIA_no,LIMSPENDONLINE_no,RESTRONLINE_no,PUBFUNDPARTY_no,PUBFUNDOTHER_no,FREEMEDIAPARTY_yes,FREEMEDIAOTHER_yes,INDIRPUBFUND_no,FINREPPARTY_yes,FINREPOTHER_yes,FINREPPUBLIC_no,FINREPDONOR_yes,FINREPINCOME_yes,FINREPSPEND_yes,TRANSPONLINE_no,SANCTIONS_yes,MONITORBODY_g,REGPARTY_no,NA,REGOTHER_no,NA,DONFORPARTY_yes,DONFOROTHER_yes,DONCORPPARTY_no,DONCORPOTHER_no,DONTUPARTY_yes,DONTUOTHER_yes,DONGOVCONPARTY_no,DONGOVCONOTHER_no,DONGOVCORPPARTY_yes,DONGOVCORPOTHER_yes,DONLIMPARTY_no,DONLIMOTHER_no,DONIKLIMPARTY_no,DONIKLIMOTHER_no,DONBANK_yes,OTHERACTORS_high
MDV,Asia,Maldives,LIMSPENDTYPE_no,LIMSPENDPARTY_no,LIMSPENDOTHER_no,LIMSPENDMEDIA_no,LIMSPENDONLINE_no,RESTRONLINE_no,PUBFUNDPARTY_g,PUBFUNDOTHER_no,FREEMEDIAPARTY_no,FREEMEDIAOTHER_no,INDIRPUBFUND_yes,FINREPPARTY_g,FINREPOTHER_no,FINREPPUBLIC_no,FINREPDONOR_no,FINREPINCOME_no,FINREPSPEND_no,TRANSPONLINE_no,SANCTIONS_yes,MONITORBODY_g,REGPARTY_no,NA,REGOTHER_no,NA,DONFORPARTY_no,DONFOROTHER_no,DONCORPPARTY_no,DONCORPOTHER_no,DONTUPARTY_no,DONTUOTHER_no,DONGOVCONPARTY_no,DONGOVCONOTHER_no,DONGOVCORPPARTY_no,DONGOVCORPOTHER_no,DONLIMPARTY_no,DONLIMOTHER_no,DONIKLIMPARTY_no,DONIKLIMOTHER_no,DONBANK_no,OTHERACTORS_zero
MEX,North America,Mexico,LIMSPENDTYPE_yes,LIMSPENDPARTY_no,NA,LIMSPENDMEDIA_yes,LIMSPENDONLINE_no,RESTRONLINE_no,PUBFUNDPARTY_g,NA,FREEMEDIAPARTY_no,NA,INDIRPUBFUND_yes,FINREPPARTY_g,NA,FINREPPUBLIC_yes,FINREPDONOR_yes,FINREPINCOME_yes,FINREPSPEND_no,TRANSPONLINE_no,SANCTIONS_yes,MONITORBODY_g,REGPARTY_no,NA,NA,NA,DONFORPARTY_yes,NA,DONCORPPARTY_yes,NA,DONTUPARTY_yes,NA,DONGOVCONPARTY_yes,NA,DONGOVCORPPARTY_yes,NA,DONLIMPARTY_yes,NA,DONIKLIMPARTY_yes,NA,DONBANK_no,OTHERACTORS_banned
MHL,Oceania,Marshall Islands,LIMSPENDTYPE_no,LIMSPENDPARTY_no,LIMSPENDOTHER_no,LIMSPENDMEDIA_no,LIMSPENDONLINE_no,RESTRONLINE_no,PUBFUNDPARTY_no,PUBFUNDOTHER_no,FREEMEDIAPARTY_no,FREEMEDIAOTHER_yes,INDIRPUBFUND_no,FINREPPARTY_no,FINREPOTHER_no,FINREPPUBLIC_no,FINREPDONOR_no,FINREPINCOME_no,FINREPSPEND_no,TRANSPONLINE_no,SANCTIONS_yes,MONITORBODY_no,REGPARTY_no,NA,REGOTHER_no,NA,DONFORPARTY_no,DONFOROTHER_yes,DONCORPPARTY_no,DONCORPOTHER_no,DONTUPARTY_no,DONTUOTHER_no,DONGOVCONPARTY_no,DONGOVCONOTHER_no,DONGOVCORPPARTY_no,DONGOVCORPOTHER_no,DONLIMPARTY_no,DONLIMOTHER_no,DONIKLIMPARTY_no,DONIKLIMOTHER_no,DONBANK_no,OTHERACTORS_low
MLI,Africa,Mali,LIMSPENDTYPE_no,LIMSPENDPARTY_no,LIMSPENDOTHER_no,LIMSPENDMEDIA_no,LIMSPENDONLINE_no,RESTRONLINE_no,PUBFUNDPARTY_g,PUBFUNDOTHER_no,FREEMEDIAPARTY_no,FREEMEDIAOTHER_no,INDIRPUBFUND_yes,FINREPPARTY_g,FINREPOTHER_no,FINREPPUBLIC_yes,FINREPDONOR_no,FINREPINCOME_no,FINREPSPEND_no,TRANSPONLINE_no,SANCTIONS_yes,MONITORBODY_g,REGPARTY_no,NA,REGOTHER_no,NA,DONFORPARTY_no,DONFOROTHER_no,DONCORPPARTY_yes,DONCORPOTHER_no,DONTUPARTY_no,DONTUOTHER_no,DONGOVCONPARTY_yes,DONGOVCONOTHER_no,DONGOVCORPPARTY_yes,DONGOVCORPOTHER_no,DONLIMPARTY_no,DONLIMOTHER_no,DONIKLIMPARTY_no,DONIKLIMOTHER_no,DONBANK_no,OTHERACTORS_zero
MLT,Europe,Malta,LIMSPENDTYPE_no,LIMSPENDPARTY_no,LIMSPENDOTHER_no,LIMSPENDMEDIA_no,LIMSPENDONLINE_no,RESTRONLINE_no,PUBFUNDPARTY_no,PUBFUNDOTHER_no,FREEMEDIAPARTY_yes,FREEMEDIAOTHER_no,INDIRPUBFUND_yes,FINREPPARTY_g,FINREPOTHER_no,FINREPPUBLIC_yes,FINREPDONOR_ca,FINREPINCOME_yes,FINREPSPEND_yes,TRANSPONLINE_no,SANCTIONS_yes,MONITORBODY_g,REGPARTY_no,NA,REGOTHER_no,NA,DONFORPARTY_yes,DONFOROTHER_no,DONCORPPARTY_no,DONCORPOTHER_no,DONTUPARTY_no,DONTUOTHER_no,DONGOVCONPARTY_no,DONGOVCONOTHER_no,DONGOVCORPPARTY_yes,DONGOVCORPOTHER_no,DONLIMPARTY_yes,DONLIMOTHER_no,DONIKLIMPARTY_yes,DONIKLIMOTHER_no,DONBANK_no,OTHERACTORS_zero
MMR,Asia,Myanmar,LIMSPENDTYPE_no,LIMSPENDPARTY_no,LIMSPENDOTHER_no,LIMSPENDMEDIA_no,LIMSPENDONLINE_no,RESTRONLINE_no,PUBFUNDPARTY_no,PUBFUNDOTHER_no,FREEMEDIAPARTY_no,FREEMEDIAOTHER_no,INDIRPUBFUND_yes,FINREPPARTY_no,FINREPOTHER_no,FINREPPUBLIC_no,FINREPDONOR_no,FINREPINCOME_no,FINREPSPEND_no,TRANSPONLINE_no,SANCTIONS_no,MONITORBODY_no,REGPARTY_no,NA,REGOTHER_no,NA,DONFORPARTY_yes,DONFOROTHER_no,DONCORPPARTY_no,DONCORPOTHER_no,DONTUPARTY_no,DONTUOTHER_no,DONGOVCONPARTY_no,DONGOVCONOTHER_no,DONGOVCORPPARTY_no,DONGOVCORPOTHER_no,DONLIMPARTY_no,DONLIMOTHER_no,DONIKLIMPARTY_no,DONIKLIMOTHER_no,DONBANK_no,OTHERACTORS_zero
MNE,Europe,Montenegro,LIMSPENDTYPE_no,LIMSPENDPARTY_no,LIMSPENDOTHER_no,LIMSPENDMEDIA_no,LIMSPENDONLINE_no,RESTRONLINE_no,PUBFUNDPARTY_yes,PUBFUNDOTHER_yes,FREEMEDIAPARTY_no,FREEMEDIAOTHER_no,INDIRPUBFUND_yes,FINREPPARTY_yes,FINREPOTHER_yes,FINREPPUBLIC_yes,FINREPDONOR_yes,FINREPINCOME_yes,FINREPSPEND_yes,TRANSPONLINE_no,SANCTIONS_yes,MONITORBODY_yes,REGPARTY_yes,REGREQPARTY_yes,REGOTHER_yes,REGREQOTHER_yes,DONFORPARTY_yes,DONFOROTHER_yes,DONCORPPARTY_yes,DONCORPOTHER_no,DONTUPARTY_no,DONTUOTHER_yes,DONGOVCONPARTY_yes,DONGOVCONOTHER_yes,DONGOVCORPPARTY_yes,DONGOVCORPOTHER_yes,DONLIMPARTY_yes,DONLIMOTHER_yes,DONIKLIMPARTY_yes,DONIKLIMOTHER_yes,DONBANK_yes,OTHERACTORS_high
MNG,Asia,Mongolia,LIMSPENDTYPE_no,LIMSPENDPARTY_no,LIMSPENDOTHER_no,LIMSPENDMEDIA_no,LIMSPENDONLINE_no,RESTRONLINE_no,PUBFUNDPARTY_g,PUBFUNDOTHER_no,FREEMEDIAPARTY_yes,FREEMEDIAOTHER_no,INDIRPUBFUND_yes,FINREPPARTY_g,FINREPOTHER_no,FINREPPUBLIC_yes,FINREPDONOR_yes,FINREPINCOME_yes,FINREPSPEND_yes,TRANSPONLINE_yes,SANCTIONS_yes,MONITORBODY_g,REGPARTY_no,NA,REGOTHER_no,NA,DONFORPARTY_yes,DONFOROTHER_no,DONCORPPARTY_no,DONCORPOTHER_no,DONTUPARTY_yes,DONTUOTHER_no,DONGOVCONPARTY_no,DONGOVCONOTHER_no,DONGOVCORPPARTY_yes,DONGOVCORPOTHER_no,DONLIMPARTY_yes,DONLIMOTHER_no,DONIKLIMPARTY_yes,DONIKLIMOTHER_no,DONBANK_yes,OTHERACTORS_zero
MOZ,Africa,Mozambique,LIMSPENDTYPE_no,LIMSPENDPARTY_no,LIMSPENDOTHER_no,LIMSPENDMEDIA_no,LIMSPENDONLINE_no,RESTRONLINE_no,PUBFUNDPARTY_g,PUBFUNDOTHER_no,FREEMEDIAPARTY_no,FREEMEDIAOTHER_no,INDIRPUBFUND_no,FINREPPARTY_no,FINREPOTHER_no,FINREPPUBLIC_yes,FINREPDONOR_yes,FINREPINCOME_no,FINREPSPEND_no,TRANSPONLINE_no,SANCTIONS_yes,MONITORBODY_no,REGPARTY_no,NA,REGOTHER_no,NA,DONFORPARTY_no,DONFOROTHER_no,DONCORPPARTY_yes,DONCORPOTHER_no,DONTUPARTY_yes,DONTUOTHER_no,DONGOVCONPARTY_yes,DONGOVCONOTHER_no,DONGOVCORPPARTY_yes,DONGOVCORPOTHER_no,DONLIMPARTY_no,DONLIMOTHER_no,DONIKLIMPARTY_no,DONIKLIMOTHER_no,DONBANK_no,OTHERACTORS_zero
MRT,Africa,Mauritania,LIMSPENDTYPE_no,LIMSPENDPARTY_no,LIMSPENDOTHER_no,LIMSPENDMEDIA_no,LIMSPENDONLINE_no,RESTRONLINE_no,PUBFUNDPARTY_g,PUBFUNDOTHER_no,FREEMEDIAPARTY_no,FREEMEDIAOTHER_no,INDIRPUBFUND_no,FINREPPARTY_g,FINREPOTHER_no,FINREPPUBLIC_no,FINREPDONOR_yes,FINREPINCOME_no,FINREPSPEND_no,TRANSPONLINE_no,SANCTIONS_yes,MONITORBODY_no,REGPARTY_no,NA,REGOTHER_no,NA,DONFORPARTY_yes,DONFOROTHER_no,DONCORPPARTY_no,DONCORPOTHER_no,DONTUPARTY_no,DONTUOTHER_no,DONGOVCONPARTY_no,DONGOVCONOTHER_no,DONGOVCORPPARTY_no,DONGOVCORPOTHER_no,DONLIMPARTY_no,DONLIMOTHER_no,DONIKLIMPARTY_no,DONIKLIMOTHER_no,DONBANK_yes,OTHERACTORS_zero
MUS,Africa,Mauritius,LIMSPENDTYPE_no,LIMSPENDPARTY_no,LIMSPENDOTHER_no,LIMSPENDMEDIA_no,LIMSPENDONLINE_no,RESTRONLINE_no,PUBFUNDPARTY_no,PUBFUNDOTHER_no,FREEMEDIAPARTY_no,FREEMEDIAOTHER_no,INDIRPUBFUND_no,FINREPPARTY_no,FINREPOTHER_no,FINREPPUBLIC_no,FINREPDONOR_no,FINREPINCOME_no,FINREPSPEND_no,TRANSPONLINE_no,SANCTIONS_no,MONITORBODY_no,REGPARTY_no,NA,REGOTHER_no,NA,DONFORPARTY_no,DONFOROTHER_no,DONCORPPARTY_no,DONCORPOTHER_no,DONTUPARTY_no,DONTUOTHER_no,DONGOVCONPARTY_no,DONGOVCONOTHER_no,DONGOVCORPPARTY_no,DONGOVCORPOTHER_no,DONLIMPARTY_no,DONLIMOTHER_no,DONIKLIMPARTY_no,DONIKLIMOTHER_no,DONBANK_no,OTHERACTORS_zero
MWI,Africa,Malawi,LIMSPENDTYPE_no,LIMSPENDPARTY_no,LIMSPENDOTHER_no,LIMSPENDMEDIA_no,LIMSPENDONLINE_no,RESTRONLINE_no,PUBFUNDPARTY_g,PUBFUNDOTHER_no,FREEMEDIAPARTY_no,FREEMEDIAOTHER_no,INDIRPUBFUND_no,FINREPPARTY_g,FINREPOTHER_no,FINREPPUBLIC_yes,FINREPDONOR_ca,FINREPINCOME_yes,FINREPSPEND_yes,TRANSPONLINE_no,SANCTIONS_yes,MONITORBODY_g,REGPARTY_no,NA,REGOTHER_no,NA,DONFORPARTY_no,DONFOROTHER_no,DONCORPPARTY_no,DONCORPOTHER_no,DONTUPARTY_no,DONTUOTHER_no,DONGOVCONPARTY_no,DONGOVCONOTHER_no,DONGOVCORPPARTY_yes,DONGOVCORPOTHER_no,DONLIMPARTY_no,DONLIMOTHER_no,DONIKLIMPARTY_no,DONIKLIMOTHER_no,DONBANK_yes,OTHERACTORS_zero
NAM,Africa,Namibia,LIMSPENDTYPE_no,LIMSPENDPARTY_no,LIMSPENDOTHER_no,LIMSPENDMEDIA_no,LIMSPENDONLINE_no,RESTRONLINE_no,PUBFUNDPARTY_g,PUBFUNDOTHER_no,FREEMEDIAPARTY_no,FREEMEDIAOTHER_no,INDIRPUBFUND_no,FINREPPARTY_g,FINREPOTHER_no,FINREPPUBLIC_yes,FINREPDONOR_yes,FINREPINCOME_yes,FINREPSPEND_yes,TRANSPONLINE_no,SANCTIONS_yes,MONITORBODY_g,REGPARTY_no,NA,REGOTHER_no,NA,DONFORPARTY_no,DONFOROTHER_no,DONCORPPARTY_no,DONCORPOTHER_no,DONTUPARTY_no,DONTUOTHER_no,DONGOVCONPARTY_no,DONGOVCONOTHER_no,DONGOVCORPPARTY_no,DONGOVCORPOTHER_no,DONLIMPARTY_no,DONLIMOTHER_no,DONIKLIMPARTY_no,DONIKLIMOTHER_no,DONBANK_no,OTHERACTORS_zero
NER,Africa,Niger,LIMSPENDTYPE_no,LIMSPENDPARTY_no,LIMSPENDOTHER_no,LIMSPENDMEDIA_no,LIMSPENDONLINE_no,RESTRONLINE_no,PUBFUNDPARTY_no,PUBFUNDOTHER_no,FREEMEDIAPARTY_yes,FREEMEDIAOTHER_no,INDIRPUBFUND_no,FINREPPARTY_g,FINREPOTHER_no,FINREPPUBLIC_yes,FINREPDONOR_yes,FINREPINCOME_no,FINREPSPEND_no,TRANSPONLINE_no,SANCTIONS_yes,MONITORBODY_g,REGPARTY_no,NA,REGOTHER_no,NA,DONFORPARTY_no,DONFOROTHER_no,DONCORPPARTY_no,DONCORPOTHER_no,DONTUPARTY_no,DONTUOTHER_no,DONGOVCONPARTY_no,DONGOVCONOTHER_no,DONGOVCORPPARTY_no,DONGOVCORPOTHER_no,DONLIMPARTY_yes,DONLIMOTHER_no,DONIKLIMPARTY_yes,DONIKLIMOTHER_no,DONBANK_no,OTHERACTORS_zero
NGA,Africa,Nigeria,LIMSPENDTYPE_no,LIMSPENDPARTY_yes,LIMSPENDOTHER_no,LIMSPENDMEDIA_yes,LIMSPENDONLINE_yes,RESTRONLINE_no,PUBFUNDPARTY_no,PUBFUNDOTHER_no,FREEMEDIAPARTY_no,FREEMEDIAOTHER_no,INDIRPUBFUND_no,FINREPPARTY_yes,FINREPOTHER_no,FINREPPUBLIC_yes,FINREPDONOR_yes,FINREPINCOME_yes,FINREPSPEND_yes,TRANSPONLINE_no,SANCTIONS_yes,MONITORBODY_g,REGPARTY_no,NA,REGOTHER_no,NA,DONFORPARTY_yes,DONFOROTHER_no,DONCORPPARTY_yes,DONCORPOTHER_no,DONTUPARTY_yes,DONTUOTHER_no,DONGOVCONPARTY_yes,DONGOVCONOTHER_no,DONGOVCORPPARTY_yes,DONGOVCORPOTHER_no,DONLIMPARTY_yes,DONLIMOTHER_no,DONIKLIMPARTY_yes,DONIKLIMOTHER_no,DONBANK_no,OTHERACTORS_zero
NOR,Europe,Norway,LIMSPENDTYPE_yes,LIMSPENDPARTY_no,LIMSPENDOTHER_no,LIMSPENDMEDIA_yes,LIMSPENDONLINE_no,RESTRONLINE_no,PUBFUNDPARTY_g,PUBFUNDOTHER_no,FREEMEDIAPARTY_no,FREEMEDIAOTHER_no,INDIRPUBFUND_yes,FINREPPARTY_g,FINREPOTHER_no,FINREPPUBLIC_yes,FINREPDONOR_ca,FINREPINCOME_yes,FINREPSPEND_yes,TRANSPONLINE_no,SANCTIONS_yes,MONITORBODY_g,REGPARTY_no,NA,REGOTHER_no,NA,DONFORPARTY_yes,DONFOROTHER_no,DONCORPPARTY_no,DONCORPOTHER_no,DONTUPARTY_no,DONTUOTHER_no,DONGOVCONPARTY_no,DONGOVCONOTHER_no,DONGOVCORPPARTY_yes,DONGOVCORPOTHER_no,DONLIMPARTY_no,DONLIMOTHER_no,DONIKLIMPARTY_no,DONIKLIMOTHER_no,DONBANK_no,OTHERACTORS_zero
NPL,Asia,Nepal,LIMSPENDTYPE_no,LIMSPENDPARTY_no,LIMSPENDOTHER_no,LIMSPENDMEDIA_no,LIMSPENDONLINE_no,RESTRONLINE_no,PUBFUNDPARTY_no,PUBFUNDOTHER_no,FREEMEDIAPARTY_no,FREEMEDIAOTHER_no,INDIRPUBFUND_no,FINREPPARTY_g,FINREPOTHER_no,FINREPPUBLIC_yes,FINREPDONOR_ca,FINREPINCOME_yes,FINREPSPEND_yes,TRANSPONLINE_no,SANCTIONS_yes,MONITORBODY_g,REGPARTY_no,NA,REGOTHER_no,NA,DONFORPARTY_yes,DONFOROTHER_no,DONCORPPARTY_no,DONCORPOTHER_no,DONTUPARTY_no,DONTUOTHER_no,DONGOVCONPARTY_no,DONGOVCONOTHER_no,DONGOVCORPPARTY_yes,DONGOVCORPOTHER_no,DONLIMPARTY_no,DONLIMOTHER_no,DONIKLIMPARTY_no,DONIKLIMOTHER_no,DONBANK_yes,OTHERACTORS_zero
NRU,Oceania,Nauru,LIMSPENDTYPE_no,LIMSPENDPARTY_no,LIMSPENDOTHER_no,LIMSPENDMEDIA_no,LIMSPENDONLINE_no,RESTRONLINE_no,PUBFUNDPARTY_no,PUBFUNDOTHER_no,FREEMEDIAPARTY_no,FREEMEDIAOTHER_no,INDIRPUBFUND_no,FINREPPARTY_no,FINREPOTHER_no,FINREPPUBLIC_no,FINREPDONOR_no,FINREPINCOME_no,FINREPSPEND_no,TRANSPONLINE_no,SANCTIONS_no,MONITORBODY_no,REGPARTY_no,NA,REGOTHER_no,NA,DONFORPARTY_no,DONFOROTHER_no,DONCORPPARTY_no,DONCORPOTHER_no,DONTUPARTY_no,DONTUOTHER_no,DONGOVCONPARTY_no,DONGOVCONOTHER_no,DONGOVCORPPARTY_no,DONGOVCORPOTHER_no,DONLIMPARTY_no,DONLIMOTHER_no,DONIKLIMPARTY_no,DONIKLIMOTHER_no,DONBANK_no,OTHERACTORS_zero
NZL,Oceania,New Zealand,LIMSPENDTYPE_no,LIMSPENDPARTY_yes,LIMSPENDOTHER_yes,LIMSPENDMEDIA_yes,LIMSPENDONLINE_yes,RESTRONLINE_no,PUBFUNDPARTY_no,PUBFUNDOTHER_no,FREEMEDIAPARTY_no,FREEMEDIAOTHER_no,INDIRPUBFUND_no,FINREPPARTY_yes,FINREPOTHER_yes,FINREPPUBLIC_yes,FINREPDONOR_ca,FINREPINCOME_no,FINREPSPEND_yes,TRANSPONLINE_no,SANCTIONS_yes,MONITORBODY_g,REGPARTY_yes,REGREQPARTY_no,REGOTHER_yes,REGREQOTHER_yes,DONFORPARTY_no,DONFOROTHER_no,DONCORPPARTY_no,DONCORPOTHER_no,DONTUPARTY_no,DONTUOTHER_no,DONGOVCONPARTY_no,DONGOVCONOTHER_no,DONGOVCORPPARTY_no,DONGOVCORPOTHER_no,DONLIMPARTY_no,DONLIMOTHER_no,DONIKLIMPARTY_no,DONIKLIMOTHER_no,DONBANK_no,OTHERACTORS_low
PAK,Asia,Pakistan,LIMSPENDTYPE_no,LIMSPENDPARTY_no,LIMSPENDOTHER_no,LIMSPENDMEDIA_no,LIMSPENDONLINE_no,RESTRONLINE_no,PUBFUNDPARTY_no,PUBFUNDOTHER_no,FREEMEDIAPARTY_no,FREEMEDIAOTHER_no,INDIRPUBFUND_no,FINREPPARTY_g,FINREPOTHER_no,FINREPPUBLIC_yes,FINREPDONOR_ca,FINREPINCOME_no,FINREPSPEND_yes,TRANSPONLINE_yes,SANCTIONS_yes,MONITORBODY_g,REGPARTY_no,NA,REGOTHER_no,NA,DONFORPARTY_yes,DONFOROTHER_no,DONCORPPARTY_no,DONCORPOTHER_no,DONTUPARTY_no,DONTUOTHER_no,DONGOVCONPARTY_no,DONGOVCONOTHER_no,DONGOVCORPPARTY_no,DONGOVCORPOTHER_no,DONLIMPARTY_no,DONLIMOTHER_no,DONIKLIMPARTY_no,DONIKLIMOTHER_no,DONBANK_yes,OTHERACTORS_zero
PAN,North America,Panama,LIMSPENDTYPE_no,LIMSPENDPARTY_no,LIMSPENDOTHER_no,LIMSPENDMEDIA_no,LIMSPENDONLINE_no,RESTRONLINE_no,PUBFUNDPARTY_g,PUBFUNDOTHER_no,FREEMEDIAPARTY_yes,FREEMEDIAOTHER_no,INDIRPUBFUND_yes,FINREPPARTY_g,FINREPOTHER_no,FINREPPUBLIC_yes,FINREPDONOR_yes,FINREPINCOME_yes,FINREPSPEND_yes,TRANSPONLINE_yes,SANCTIONS_yes,MONITORBODY_yes,REGPARTY_yes,REGREQPARTY_yes,REGOTHER_yes,REGREQOTHER_yes,DONFORPARTY_yes,DONFOROTHER_no,DONCORPPARTY_no,DONCORPOTHER_no,DONTUPARTY_no,DONTUOTHER_no,DONGOVCONPARTY_yes,DONGOVCONOTHER_no,DONGOVCORPPARTY_yes,DONGOVCORPOTHER_no,DONLIMPARTY_no,DONLIMOTHER_no,DONIKLIMPARTY_yes,DONIKLIMOTHER_no,DONBANK_yes,OTHERACTORS_low
PER,South America,Peru,LIMSPENDTYPE_no,LIMSPENDPARTY_no,LIMSPENDOTHER_no,LIMSPENDMEDIA_no,LIMSPENDONLINE_no,RESTRONLINE_no,PUBFUNDPARTY_g,PUBFUNDOTHER_no,FREEMEDIAPARTY_no,FREEMEDIAOTHER_no,INDIRPUBFUND_yes,FINREPPARTY_yes,FINREPOTHER_yes,FINREPPUBLIC_yes,FINREPDONOR_yes,FINREPINCOME_yes,FINREPSPEND_yes,TRANSPONLINE_no,SANCTIONS_yes,MONITORBODY_g,REGPARTY_no,NA,REGOTHER_no,NA,DONFORPARTY_yes,DONFOROTHER_no,DONCORPPARTY_yes,DONCORPOTHER_no,DONTUPARTY_yes,DONTUOTHER_no,DONGOVCONPARTY_yes,DONGOVCONOTHER_no,DONGOVCORPPARTY_yes,DONGOVCORPOTHER_no,DONLIMPARTY_yes,DONLIMOTHER_no,DONIKLIMPARTY_yes,DONIKLIMOTHER_no,DONBANK_yes,OTHERACTORS_low
PHL,Asia,Philippines,LIMSPENDTYPE_no,LIMSPENDPARTY_no,LIMSPENDOTHER_no,LIMSPENDMEDIA_no,LIMSPENDONLINE_no,RESTRONLINE_no,PUBFUNDPARTY_no,PUBFUNDOTHER_no,FREEMEDIAPARTY_no,FREEMEDIAOTHER_no,INDIRPUBFUND_no,FINREPPARTY_no,FINREPOTHER_no,FINREPPUBLIC_no,FINREPDONOR_no,FINREPINCOME_no,FINREPSPEND_no,TRANSPONLINE_no,SANCTIONS_yes,MONITORBODY_g,REGPARTY_no,NA,REGOTHER_no,NA,DONFORPARTY_yes,DONFOROTHER_no,DONCORPPARTY_no,DONCORPOTHER_no,DONTUPARTY_no,DONTUOTHER_no,DONGOVCONPARTY_yes,DONGOVCONOTHER_no,DONGOVCORPPARTY_no,DONGOVCORPOTHER_no,DONLIMPARTY_no,DONLIMOTHER_no,DONIKLIMPARTY_no,DONIKLIMOTHER_no,DONBANK_no,OTHERACTORS_zero
PLW,Oceania,Palau,LIMSPENDTYPE_no,LIMSPENDPARTY_no,LIMSPENDOTHER_no,LIMSPENDMEDIA_no,LIMSPENDONLINE_no,RESTRONLINE_no,PUBFUNDPARTY_no,PUBFUNDOTHER_no,FREEMEDIAPARTY_no,FREEMEDIAOTHER_no,INDIRPUBFUND_no,FINREPPARTY_no,FINREPOTHER_no,FINREPPUBLIC_no,FINREPDONOR_no,FINREPINCOME_no,FINREPSPEND_no,TRANSPONLINE_no,SANCTIONS_no,MONITORBODY_no,REGPARTY_no,NA,REGOTHER_no,NA,DONFORPARTY_no,DONFOROTHER_no,DONCORPPARTY_no,DONCORPOTHER_no,DONTUPARTY_no,DONTUOTHER_no,DONGOVCONPARTY_no,DONGOVCONOTHER_no,DONGOVCORPPARTY_no,DONGOVCORPOTHER_no,DONLIMPARTY_no,DONLIMOTHER_no,DONIKLIMPARTY_no,DONIKLIMOTHER_no,DONBANK_no,OTHERACTORS_zero
POL,Europe,Poland,LIMSPENDTYPE_no,LIMSPENDPARTY_no,LIMSPENDOTHER_no,LIMSPENDMEDIA_no,LIMSPENDONLINE_no,RESTRONLINE_no,PUBFUNDPARTY_no,PUBFUNDOTHER_no,FREEMEDIAPARTY_yes,FREEMEDIAOTHER_yes,INDIRPUBFUND_no,FINREPPARTY_g,FINREPOTHER_no,FINREPPUBLIC_yes,FINREPDONOR_yes,FINREPINCOME_yes,FINREPSPEND_no,TRANSPONLINE_no,SANCTIONS_yes,MONITORBODY_g,REGPARTY_yes,REGREQPARTY_yes,REGOTHER_yes,REGREQOTHER_yes,DONFORPARTY_yes,DONFOROTHER_no,DONCORPPARTY_yes,DONCORPOTHER_no,DONTUPARTY_yes,DONTUOTHER_no,DONGOVCONPARTY_yes,DONGOVCONOTHER_no,DONGOVCORPPARTY_yes,DONGOVCORPOTHER_no,DONLIMPARTY_yes,DONLIMOTHER_no,DONIKLIMPARTY_yes,DONIKLIMOTHER_no,DONBANK_yes,OTHERACTORS_low
PRT,Europe,Portugal,LIMSPENDTYPE_no,LIMSPENDPARTY_yes,LIMSPENDOTHER_yes,LIMSPENDMEDIA_yes,LIMSPENDONLINE_yes,RESTRONLINE_no,PUBFUNDPARTY_no,PUBFUNDOTHER_no,FREEMEDIAPARTY_yes,FREEMEDIAOTHER_yes,INDIRPUBFUND_yes,FINREPPARTY_yes,FINREPOTHER_yes,FINREPPUBLIC_no,FINREPDONOR_no,FINREPINCOME_yes,FINREPSPEND_yes,TRANSPONLINE_no,SANCTIONS_yes,MONITORBODY_g,REGPARTY_yes,REGREQPARTY_no,REGOTHER_yes,REGREQOTHER_yes,DONFORPARTY_yes,DONFOROTHER_no,DONCORPPARTY_yes,DONCORPOTHER_no,DONTUPARTY_yes,DONTUOTHER_no,DONGOVCONPARTY_yes,DONGOVCONOTHER_no,DONGOVCORPPARTY_yes,DONGOVCORPOTHER_no,DONLIMPARTY_yes,DONLIMOTHER_no,DONIKLIMPARTY_no,DONIKLIMOTHER_no,DONBANK_yes,OTHERACTORS_high
PRY,South America,Paraguay,LIMSPENDTYPE_no,LIMSPENDPARTY_yes,LIMSPENDOTHER_no,LIMSPENDMEDIA_yes,LIMSPENDONLINE_yes,RESTRONLINE_no,PUBFUNDPARTY_yes,PUBFUNDOTHER_no,FREEMEDIAPARTY_yes,FREEMEDIAOTHER_yes,INDIRPUBFUND_yes,FINREPPARTY_g,FINREPOTHER_no,FINREPPUBLIC_no,FINREPDONOR_no,FINREPINCOME_yes,FINREPSPEND_yes,TRANSPONLINE_no,SANCTIONS_yes,MONITORBODY_g,REGPARTY_no,NA,REGOTHER_no,NA,DONFORPARTY_yes,DONFOROTHER_no,DONCORPPARTY_no,DONCORPOTHER_no,DONTUPARTY_yes,DONTUOTHER_no,DONGOVCONPARTY_no,DONGOVCONOTHER_no,DONGOVCORPPARTY_yes,DONGOVCORPOTHER_no,DONLIMPARTY_yes,DONLIMOTHER_no,DONIKLIMPARTY_yes,DONIKLIMOTHER_no,DONBANK_yes,OTHERACTORS_low
RNR,Africa,Zambia,LIMSPENDTYPE_no,LIMSPENDPARTY_no,LIMSPENDOTHER_no,LIMSPENDMEDIA_no,LIMSPENDONLINE_no,RESTRONLINE_no,PUBFUNDPARTY_no,PUBFUNDOTHER_no,FREEMEDIAPARTY_no,FREEMEDIAOTHER_no,INDIRPUBFUND_no,FINREPPARTY_no,FINREPOTHER_no,FINREPPUBLIC_no,FINREPDONOR_no,FINREPINCOME_no,FINREPSPEND_no,TRANSPONLINE_no,SANCTIONS_no,MONITORBODY_no,REGPARTY_no,NA,REGOTHER_no,NA,DONFORPARTY_no,DONFOROTHER_no,DONCORPPARTY_no,DONCORPOTHER_no,DONTUPARTY_no,DONTUOTHER_no,DONGOVCONPARTY_no,DONGOVCONOTHER_no,DONGOVCORPPARTY_no,DONGOVCORPOTHER_no,DONLIMPARTY_no,DONLIMOTHER_no,DONIKLIMPARTY_no,DONIKLIMOTHER_no,DONBANK_no,OTHERACTORS_zero
ROK,Asia,Republic of Korea,LIMSPENDTYPE_no,LIMSPENDPARTY_no,LIMSPENDOTHER_no,LIMSPENDMEDIA_no,LIMSPENDONLINE_no,RESTRONLINE_no,PUBFUNDPARTY_g,PUBFUNDOTHER_no,FREEMEDIAPARTY_yes,FREEMEDIAOTHER_no,INDIRPUBFUND_yes,FINREPPARTY_yes,FINREPOTHER_no,FINREPPUBLIC_yes,FINREPDONOR_ca,FINREPINCOME_yes,FINREPSPEND_yes,TRANSPONLINE_no,SANCTIONS_yes,MONITORBODY_g,REGPARTY_no,NA,REGOTHER_no,NA,DONFORPARTY_yes,DONFOROTHER_no,DONCORPPARTY_yes,DONCORPOTHER_no,DONTUPARTY_yes,DONTUOTHER_no,DONGOVCONPARTY_yes,DONGOVCONOTHER_no,DONGOVCORPPARTY_yes,DONGOVCORPOTHER_no,DONLIMPARTY_yes,DONLIMOTHER_no,DONIKLIMPARTY_yes,DONIKLIMOTHER_no,DONBANK_yes,OTHERACTORS_zero
ROU,Europe,Romania,LIMSPENDTYPE_yes,LIMSPENDPARTY_yes,LIMSPENDOTHER_yes,LIMSPENDMEDIA_yes,LIMSPENDONLINE_yes,RESTRONLINE_no,PUBFUNDPARTY_g,PUBFUNDOTHER_no,FREEMEDIAPARTY_no,FREEMEDIAOTHER_no,INDIRPUBFUND_no,FINREPPARTY_yes,FINREPOTHER_yes,FINREPPUBLIC_yes,FINREPDONOR_ca,FINREPINCOME_yes,FINREPSPEND_yes,TRANSPONLINE_no,SANCTIONS_yes,MONITORBODY_g,REGPARTY_no,NA,REGOTHER_no,NA,DONFORPARTY_yes,DONFOROTHER_yes,DONCORPPARTY_yes,DONCORPOTHER_yes,DONTUPARTY_yes,DONTUOTHER_yes,DONGOVCONPARTY_yes,DONGOVCONOTHER_yes,DONGOVCORPPARTY_yes,DONGOVCORPOTHER_yes,DONLIMPARTY_yes,DONLIMOTHER_yes,DONIKLIMPARTY_yes,DONIKLIMOTHER_yes,DONBANK_yes,OTHERACTORS_high
RUS,Europe,Russia,LIMSPENDTYPE_yes,LIMSPENDPARTY_yes,LIMSPENDOTHER_yes,LIMSPENDMEDIA_yes,LIMSPENDONLINE_yes,RESTRONLINE_no,PUBFUNDPARTY_g,PUBFUNDOTHER_no,FREEMEDIAPARTY_yes,FREEMEDIAOTHER_yes,INDIRPUBFUND_yes,FINREPPARTY_yes,FINREPOTHER_yes,FINREPPUBLIC_yes,FINREPDONOR_yes,FINREPINCOME_yes,FINREPSPEND_yes,TRANSPONLINE_no,SANCTIONS_yes,MONITORBODY_g,REGPARTY_yes,REGREQPARTY_no,REGOTHER_yes,REGREQOTHER_no,DONFORPARTY_yes,DONFOROTHER_yes,DONCORPPARTY_no,DONCORPOTHER_no,DONTUPARTY_no,DONTUOTHER_no,DONGOVCONPARTY_no,DONGOVCONOTHER_no,DONGOVCORPPARTY_yes,DONGOVCORPOTHER_yes,DONLIMPARTY_yes,DONLIMOTHER_yes,DONIKLIMPARTY_yes,DONIKLIMOTHER_yes,DONBANK_yes,OTHERACTORS_high
RWA,Africa,Rwanda,LIMSPENDTYPE_no,LIMSPENDPARTY_no,LIMSPENDOTHER_no,LIMSPENDMEDIA_no,LIMSPENDONLINE_no,RESTRONLINE_no,PUBFUNDPARTY_no,PUBFUNDOTHER_no,FREEMEDIAPARTY_no,FREEMEDIAOTHER_no,INDIRPUBFUND_no,FINREPPARTY_g,FINREPOTHER_no,FINREPPUBLIC_no,FINREPDONOR_yes,FINREPINCOME_no,FINREPSPEND_no,TRANSPONLINE_no,SANCTIONS_yes,MONITORBODY_g,REGPARTY_no,NA,REGOTHER_no,NA,DONFORPARTY_yes,DONFOROTHER_no,DONCORPPARTY_no,DONCORPOTHER_no,DONTUPARTY_no,DONTUOTHER_no,DONGOVCONPARTY_no,DONGOVCONOTHER_no,DONGOVCORPPARTY_no,DONGOVCORPOTHER_no,DONLIMPARTY_no,DONLIMOTHER_no,DONIKLIMPARTY_no,DONIKLIMOTHER_no,DONBANK_no,OTHERACTORS_zero
SEN,Africa,Senegal,LIMSPENDTYPE_yes,LIMSPENDPARTY_no,LIMSPENDOTHER_no,LIMSPENDMEDIA_yes,LIMSPENDONLINE_yes,RESTRONLINE_yes,PUBFUNDPARTY_no,PUBFUNDOTHER_no,FREEMEDIAPARTY_yes,FREEMEDIAOTHER_yes,INDIRPUBFUND_no,FINREPPARTY_g,FINREPOTHER_no,FINREPPUBLIC_no,FINREPDONOR_no,FINREPINCOME_no,FINREPSPEND_no,TRANSPONLINE_yes,SANCTIONS_yes,MONITORBODY_g,REGPARTY_yes,REGREQPARTY_no,REGOTHER_yes,REGREQOTHER_no,DONFORPARTY_yes,DONFOROTHER_no,DONCORPPARTY_no,DONCORPOTHER_no,DONTUPARTY_no,DONTUOTHER_no,DONGOVCONPARTY_no,DONGOVCONOTHER_no,DONGOVCORPPARTY_no,DONGOVCORPOTHER_no,DONLIMPARTY_no,DONLIMOTHER_no,DONIKLIMPARTY_no,DONIKLIMOTHER_no,DONBANK_no,OTHERACTORS_low
SGP,Asia,Singapore,LIMSPENDTYPE_no,LIMSPENDPARTY_no,LIMSPENDOTHER_no,LIMSPENDMEDIA_no,LIMSPENDONLINE_no,RESTRONLINE_no,PUBFUNDPARTY_no,PUBFUNDOTHER_no,FREEMEDIAPARTY_no,FREEMEDIAOTHER_no,INDIRPUBFUND_no,FINREPPARTY_g,FINREPOTHER_no,FINREPPUBLIC_no,FINREPDONOR_ca,FINREPINCOME_yes,FINREPSPEND_yes,TRANSPONLINE_no,SANCTIONS_yes,MONITORBODY_g,REGPARTY_no,NA,REGOTHER_no,NA,DONFORPARTY_yes,DONFOROTHER_no,DONCORPPARTY_no,DONCORPOTHER_no,DONTUPARTY_yes,DONTUOTHER_no,DONGOVCONPARTY_no,DONGOVCONOTHER_no,DONGOVCORPPARTY_no,DONGOVCORPOTHER_no,DONLIMPARTY_no,DONLIMOTHER_no,DONIKLIMPARTY_no,DONIKLIMOTHER_no,DONBANK_no,OTHERACTORS_zero
SLE,Africa,Sierra Leone,LIMSPENDTYPE_no,LIMSPENDPARTY_no,LIMSPENDOTHER_no,LIMSPENDMEDIA_no,LIMSPENDONLINE_no,RESTRONLINE_no,PUBFUNDPARTY_no,PUBFUNDOTHER_no,FREEMEDIAPARTY_no,FREEMEDIAOTHER_no,INDIRPUBFUND_no,FINREPPARTY_g,FINREPOTHER_no,FINREPPUBLIC_yes,FINREPDONOR_yes,FINREPINCOME_yes,FINREPSPEND_yes,TRANSPONLINE_no,SANCTIONS_yes,MONITORBODY_g,REGPARTY_no,NA,REGOTHER_no,NA,DONFORPARTY_yes,DONFOROTHER_no,DONCORPPARTY_yes,DONCORPOTHER_no,DONTUPARTY_yes,DONTUOTHER_no,DONGOVCONPARTY_yes,DONGOVCONOTHER_no,DONGOVCORPPARTY_yes,DONGOVCORPOTHER_no,DONLIMPARTY_no,DONLIMOTHER_no,DONIKLIMPARTY_no,DONIKLIMOTHER_no,DONBANK_no,OTHERACTORS_zero
SLV,North America,El Salvador,LIMSPENDTYPE_no,LIMSPENDPARTY_no,LIMSPENDOTHER_no,LIMSPENDMEDIA_no,LIMSPENDONLINE_no,RESTRONLINE_no,PUBFUNDPARTY_g,PUBFUNDOTHER_no,FREEMEDIAPARTY_no,FREEMEDIAOTHER_no,INDIRPUBFUND_yes,FINREPPARTY_no,FINREPOTHER_no,FINREPPUBLIC_no,FINREPDONOR_no,FINREPINCOME_no,FINREPSPEND_no,TRANSPONLINE_no,SANCTIONS_yes,MONITORBODY_no,REGPARTY_no,NA,REGOTHER_no,NA,DONFORPARTY_yes,DONFOROTHER_no,DONCORPPARTY_no,DONCORPOTHER_no,DONTUPARTY_yes,DONTUOTHER_no,DONGOVCONPARTY_no,DONGOVCONOTHER_no,DONGOVCORPPARTY_no,DONGOVCORPOTHER_no,DONLIMPARTY_yes,DONLIMOTHER_no,DONIKLIMPARTY_no,DONIKLIMOTHER_no,DONBANK_no,OTHERACTORS_zero
SRB,Europe,Serbia,LIMSPENDTYPE_yes,LIMSPENDPARTY_no,LIMSPENDOTHER_no,LIMSPENDMEDIA_no,LIMSPENDONLINE_no,RESTRONLINE_no,PUBFUNDPARTY_g,PUBFUNDOTHER_no,FREEMEDIAPARTY_no,FREEMEDIAOTHER_no,INDIRPUBFUND_yes,FINREPPARTY_yes,FINREPOTHER_yes,FINREPPUBLIC_yes,FINREPDONOR_yes,FINREPINCOME_yes,FINREPSPEND_yes,TRANSPONLINE_no,SANCTIONS_yes,MONITORBODY_g,REGPARTY_yes,REGREQPARTY_no,REGOTHER_yes,REGREQOTHER_yes,DONFORPARTY_yes,DONFOROTHER_yes,DONCORPPARTY_no,DONCORPOTHER_no,DONTUPARTY_yes,DONTUOTHER_yes,DONGOVCONPARTY_yes,DONGOVCONOTHER_yes,DONGOVCORPPARTY_yes,DONGOVCORPOTHER_yes,DONLIMPARTY_yes,DONLIMOTHER_no,DONIKLIMPARTY_yes,DONIKLIMOTHER_no,DONBANK_yes,OTHERACTORS_high
SSD,Africa,South Sudan,LIMSPENDTYPE_no,LIMSPENDPARTY_no,LIMSPENDOTHER_no,LIMSPENDMEDIA_no,LIMSPENDONLINE_no,RESTRONLINE_no,PUBFUNDPARTY_g,PUBFUNDOTHER_no,FREEMEDIAPARTY_yes,FREEMEDIAOTHER_yes,INDIRPUBFUND_yes,FINREPPARTY_g,FINREPOTHER_no,FINREPPUBLIC_yes,FINREPDONOR_yes,FINREPINCOME_yes,FINREPSPEND_no,TRANSPONLINE_no,SANCTIONS_yes,MONITORBODY_g,REGPARTY_no,NA,REGOTHER_no,NA,DONFORPARTY_yes,DONFOROTHER_no,DONCORPPARTY_no,DONCORPOTHER_no,DONTUPARTY_no,DONTUOTHER_no,DONGOVCONPARTY_yes,DONGOVCONOTHER_no,DONGOVCORPPARTY_no,DONGOVCORPOTHER_no,DONLIMPARTY_no,DONLIMOTHER_no,DONIKLIMPARTY_no,DONIKLIMOTHER_no,DONBANK_no,OTHERACTORS_low
STP,Africa,São Tomé and Príncipe,LIMSPENDTYPE_no,LIMSPENDPARTY_no,LIMSPENDOTHER_no,LIMSPENDMEDIA_no,LIMSPENDONLINE_no,RESTRONLINE_no,PUBFUNDPARTY_g,PUBFUNDOTHER_no,FREEMEDIAPARTY_no,FREEMEDIAOTHER_no,INDIRPUBFUND_no,FINREPPARTY_g,FINREPOTHER_no,FINREPPUBLIC_yes,FINREPDONOR_no,FINREPINCOME_no,FINREPSPEND_no,TRANSPONLINE_no,SANCTIONS_yes,MONITORBODY_g,REGPARTY_no,NA,REGOTHER_no,NA,DONFORPARTY_yes,DONFOROTHER_no,DONCORPPARTY_yes,DONCORPOTHER_no,DONTUPARTY_yes,DONTUOTHER_no,DONGOVCONPARTY_yes,DONGOVCONOTHER_no,DONGOVCORPPARTY_yes,DONGOVCORPOTHER_no,DONLIMPARTY_yes,DONLIMOTHER_no,DONIKLIMPARTY_no,DONIKLIMOTHER_no,DONBANK_no,OTHERACTORS_zero
SVK,Europe,Slovakia,LIMSPENDTYPE_no,LIMSPENDPARTY_no,LIMSPENDOTHER_no,LIMSPENDMEDIA_no,LIMSPENDONLINE_no,RESTRONLINE_no,PUBFUNDPARTY_g,PUBFUNDOTHER_no,FREEMEDIAPARTY_no,FREEMEDIAOTHER_no,INDIRPUBFUND_no,FINREPPARTY_g,FINREPOTHER_no,FINREPPUBLIC_yes,FINREPDONOR_yes,FINREPINCOME_yes,FINREPSPEND_yes,TRANSPONLINE_no,SANCTIONS_yes,MONITORBODY_g,REGPARTY_no,NA,REGOTHER_no,NA,DONFORPARTY_yes,DONFOROTHER_no,DONCORPPARTY_no,DONCORPOTHER_no,DONTUPARTY_yes,DONTUOTHER_no,DONGOVCONPARTY_no,DONGOVCONOTHER_no,DONGOVCORPPARTY_yes,DONGOVCORPOTHER_no,DONLIMPARTY_yes,DONLIMOTHER_no,DONIKLIMPARTY_yes,DONIKLIMOTHER_no,DONBANK_yes,OTHERACTORS_zero
SVN,Europe,Slovenia,LIMSPENDTYPE_no,LIMSPENDPARTY_yes,LIMSPENDOTHER_yes,LIMSPENDMEDIA_yes,LIMSPENDONLINE_yes,RESTRONLINE_no,PUBFUNDPARTY_g,PUBFUNDOTHER_no,FREEMEDIAPARTY_no,FREEMEDIAOTHER_no,INDIRPUBFUND_yes,FINREPPARTY_yes,FINREPOTHER_yes,FINREPPUBLIC_yes,FINREPDONOR_yes,FINREPINCOME_yes,FINREPSPEND_yes,TRANSPONLINE_no,SANCTIONS_yes,MONITORBODY_g,REGPARTY_no,NA,REGOTHER_no,NA,DONFORPARTY_yes,DONFOROTHER_yes,DONCORPPARTY_yes,DONCORPOTHER_yes,DONTUPARTY_yes,DONTUOTHER_yes,DONGOVCONPARTY_yes,DONGOVCONOTHER_yes,DONGOVCORPPARTY_yes,DONGOVCORPOTHER_yes,DONLIMPARTY_yes,DONLIMOTHER_yes,DONIKLIMPARTY_no,DONIKLIMOTHER_no,DONBANK_yes,OTHERACTORS_high
SWE,Europe,Sweden,LIMSPENDTYPE_no,LIMSPENDPARTY_no,LIMSPENDOTHER_no,LIMSPENDMEDIA_no,LIMSPENDONLINE_no,RESTRONLINE_no,PUBFUNDPARTY_g,PUBFUNDOTHER_no,FREEMEDIAPARTY_no,FREEMEDIAOTHER_no,INDIRPUBFUND_no,FINREPPARTY_g,FINREPOTHER_no,FINREPPUBLIC_yes,FINREPDONOR_ca,FINREPINCOME_yes,FINREPSPEND_no,TRANSPONLINE_no,SANCTIONS_yes,MONITORBODY_g,REGPARTY_no,NA,REGOTHER_no,NA,DONFORPARTY_no,DONFOROTHER_no,DONCORPPARTY_no,DONCORPOTHER_no,DONTUPARTY_no,DONTUOTHER_no,DONGOVCONPARTY_no,DONGOVCONOTHER_no,DONGOVCORPPARTY_no,DONGOVCORPOTHER_no,DONLIMPARTY_no,DONLIMOTHER_no,DONIKLIMPARTY_no,DONIKLIMOTHER_no,DONBANK_no,OTHERACTORS_zero
SWZ,Africa,Eswatini,LIMSPENDTYPE_no,LIMSPENDPARTY_no,LIMSPENDOTHER_no,LIMSPENDMEDIA_no,LIMSPENDONLINE_no,RESTRONLINE_no,PUBFUNDPARTY_no,PUBFUNDOTHER_no,FREEMEDIAPARTY_no,FREEMEDIAOTHER_no,INDIRPUBFUND_no,FINREPPARTY_no,FINREPOTHER_no,FINREPPUBLIC_no,FINREPDONOR_no,FINREPINCOME_no,FINREPSPEND_no,TRANSPONLINE_no,SANCTIONS_no,MONITORBODY_no,REGPARTY_no,NA,REGOTHER_no,NA,DONFORPARTY_no,DONFOROTHER_no,DONCORPPARTY_no,DONCORPOTHER_no,DONTUPARTY_no,DONTUOTHER_no,DONGOVCONPARTY_no,DONGOVCONOTHER_no,DONGOVCORPPARTY_no,DONGOVCORPOTHER_no,DONLIMPARTY_no,DONLIMOTHER_no,DONIKLIMPARTY_no,DONIKLIMOTHER_no,DONBANK_no,OTHERACTORS_zero
SYC,Africa,Seychelles,LIMSPENDTYPE_no,LIMSPENDPARTY_yes,LIMSPENDOTHER_no,LIMSPENDMEDIA_yes,LIMSPENDONLINE_yes,RESTRONLINE_no,PUBFUNDPARTY_g,PUBFUNDOTHER_no,FREEMEDIAPARTY_yes,FREEMEDIAOTHER_yes,INDIRPUBFUND_yes,FINREPPARTY_g,FINREPOTHER_no,FINREPPUBLIC_no,FINREPDONOR_no,FINREPINCOME_no,FINREPSPEND_no,TRANSPONLINE_no,SANCTIONS_yes,MONITORBODY_g,REGPARTY_no,NA,REGOTHER_no,NA,DONFORPARTY_no,DONFOROTHER_no,DONCORPPARTY_no,DONCORPOTHER_no,DONTUPARTY_no,DONTUOTHER_no,DONGOVCONPARTY_no,DONGOVCONOTHER_no,DONGOVCORPPARTY_no,DONGOVCORPOTHER_no,DONLIMPARTY_no,DONLIMOTHER_no,DONIKLIMPARTY_no,DONIKLIMOTHER_no,DONBANK_no,OTHERACTORS_low
SYR,Asia,Syria,LIMSPENDTYPE_yes,LIMSPENDPARTY_no,LIMSPENDOTHER_no,LIMSPENDMEDIA_no,LIMSPENDONLINE_no,RESTRONLINE_no,PUBFUNDPARTY_g,PUBFUNDOTHER_no,FREEMEDIAPARTY_no,FREEMEDIAOTHER_no,INDIRPUBFUND_yes,FINREPPARTY_yes,FINREPOTHER_no,FINREPPUBLIC_no,FINREPDONOR_yes,FINREPINCOME_yes,FINREPSPEND_yes,TRANSPONLINE_yes,SANCTIONS_yes,MONITORBODY_no,REGPARTY_no,NA,REGOTHER_no,NA,DONFORPARTY_yes,DONFOROTHER_no,DONCORPPARTY_no,DONCORPOTHER_no,DONTUPARTY_no,DONTUOTHER_no,DONGOVCONPARTY_no,DONGOVCONOTHER_no,DONGOVCORPPARTY_no,DONGOVCORPOTHER_no,DONLIMPARTY_yes,DONLIMOTHER_no,DONIKLIMPARTY_no,DONIKLIMOTHER_no,DONBANK_yes,OTHERACTORS_zero
TGO,Africa,Togo,LIMSPENDTYPE_no,LIMSPENDPARTY_no,NA,LIMSPENDMEDIA_no,LIMSPENDONLINE_no,RESTRONLINE_no,PUBFUNDPARTY_g,NA,FREEMEDIAPARTY_yes,NA,INDIRPUBFUND_yes,FINREPPARTY_yes,NA,FINREPPUBLIC_yes,FINREPDONOR_yes,FINREPINCOME_yes,FINREPSPEND_yes,TRANSPONLINE_no,SANCTIONS_yes,MONITORBODY_g,REGPARTY_no,NA,NA,NA,DONFORPARTY_no,NA,DONCORPPARTY_no,NA,DONTUPARTY_no,NA,DONGOVCONPARTY_no,NA,DONGOVCORPPARTY_no,NA,DONLIMPARTY_yes,NA,DONIKLIMPARTY_no,NA,DONBANK_no,OTHERACTORS_banned
THA,Asia,Thailand,LIMSPENDTYPE_no,LIMSPENDPARTY_no,LIMSPENDOTHER_no,LIMSPENDMEDIA_no,LIMSPENDONLINE_no,RESTRONLINE_no,PUBFUNDPARTY_g,PUBFUNDOTHER_no,FREEMEDIAPARTY_yes,FREEMEDIAOTHER_no,INDIRPUBFUND_yes,FINREPPARTY_g,FINREPOTHER_no,FINREPPUBLIC_yes,FINREPDONOR_ca,FINREPINCOME_yes,FINREPSPEND_yes,TRANSPONLINE_no,SANCTIONS_yes,MONITORBODY_g,REGPARTY_no,NA,REGOTHER_no,NA,DONFORPARTY_yes,DONFOROTHER_no,DONCORPPARTY_no,DONCORPOTHER_no,DONTUPARTY_no,DONTUOTHER_no,DONGOVCONPARTY_no,DONGOVCONOTHER_no,DONGOVCORPPARTY_yes,DONGOVCORPOTHER_no,DONLIMPARTY_yes,DONLIMOTHER_no,DONIKLIMPARTY_yes,DONIKLIMOTHER_no,DONBANK_yes,OTHERACTORS_zero
TJK,Asia,Tajikistan,LIMSPENDTYPE_no,LIMSPENDPARTY_no,LIMSPENDOTHER_no,LIMSPENDMEDIA_no,LIMSPENDONLINE_no,RESTRONLINE_no,PUBFUNDPARTY_no,PUBFUNDOTHER_no,FREEMEDIAPARTY_no,FREEMEDIAOTHER_no,INDIRPUBFUND_no,FINREPPARTY_g,FINREPOTHER_no,FINREPPUBLIC_no,FINREPDONOR_yes,FINREPINCOME_yes,FINREPSPEND_yes,TRANSPONLINE_no,SANCTIONS_yes,MONITORBODY_g,REGPARTY_no,NA,REGOTHER_no,NA,DONFORPARTY_yes,DONFOROTHER_no,DONCORPPARTY_no,DONCORPOTHER_no,DONTUPARTY_no,DONTUOTHER_no,DONGOVCONPARTY_no,DONGOVCONOTHER_no,DONGOVCORPPARTY_yes,DONGOVCORPOTHER_no,DONLIMPARTY_no,DONLIMOTHER_no,DONIKLIMPARTY_no,DONIKLIMOTHER_no,DONBANK_no,OTHERACTORS_zero
TKM,Asia,Turkmenistan,LIMSPENDTYPE_no,LIMSPENDPARTY_no,LIMSPENDOTHER_no,LIMSPENDMEDIA_no,LIMSPENDONLINE_no,RESTRONLINE_no,PUBFUNDPARTY_yes,PUBFUNDOTHER_no,FREEMEDIAPARTY_yes,FREEMEDIAOTHER_yes,INDIRPUBFUND_no,FINREPPARTY_no,FINREPOTHER_no,FINREPPUBLIC_no,FINREPDONOR_no,FINREPINCOME_no,FINREPSPEND_no,TRANSPONLINE_no,SANCTIONS_no,MONITORBODY_g,REGPARTY_no,NA,REGOTHER_no,NA,DONFORPARTY_yes,DONFOROTHER_no,DONCORPPARTY_no,DONCORPOTHER_no,DONTUPARTY_no,DONTUOTHER_no,DONGOVCONPARTY_no,DONGOVCONOTHER_no,DONGOVCORPPARTY_no,DONGOVCORPOTHER_no,DONLIMPARTY_yes,DONLIMOTHER_no,DONIKLIMPARTY_yes,DONIKLIMOTHER_no,DONBANK_no,OTHERACTORS_low
TLS,Asia,East Timor,LIMSPENDTYPE_no,LIMSPENDPARTY_no,LIMSPENDOTHER_no,LIMSPENDMEDIA_no,LIMSPENDONLINE_no,RESTRONLINE_no,PUBFUNDPARTY_g,PUBFUNDOTHER_no,FREEMEDIAPARTY_no,FREEMEDIAOTHER_no,INDIRPUBFUND_yes,FINREPPARTY_yes,FINREPOTHER_no,FINREPPUBLIC_yes,FINREPDONOR_no,FINREPINCOME_yes,FINREPSPEND_yes,TRANSPONLINE_no,SANCTIONS_yes,MONITORBODY_g,REGPARTY_no,NA,REGOTHER_no,NA,DONFORPARTY_yes,DONFOROTHER_no,DONCORPPARTY_yes,DONCORPOTHER_no,DONTUPARTY_yes,DONTUOTHER_no,DONGOVCONPARTY_yes,DONGOVCONOTHER_no,DONGOVCORPPARTY_yes,DONGOVCORPOTHER_no,DONLIMPARTY_no,DONLIMOTHER_no,DONIKLIMPARTY_no,DONIKLIMOTHER_no,DONBANK_yes,OTHERACTORS_zero
TUN,Africa,Tunisia,LIMSPENDTYPE_no,LIMSPENDPARTY_yes,LIMSPENDOTHER_yes,LIMSPENDMEDIA_yes,LIMSPENDONLINE_yes,RESTRONLINE_no,PUBFUNDPARTY_yes,PUBFUNDOTHER_no,FREEMEDIAPARTY_yes,FREEMEDIAOTHER_yes,INDIRPUBFUND_no,FINREPPARTY_yes,FINREPOTHER_no,FINREPPUBLIC_yes,FINREPDONOR_yes,FINREPINCOME_yes,FINREPSPEND_yes,TRANSPONLINE_no,SANCTIONS_yes,MONITORBODY_g,REGPARTY_no,NA,REGOTHER_no,NA,DONFORPARTY_no,DONFOROTHER_no,DONCORPPARTY_yes,DONCORPOTHER_no,DONTUPARTY_yes,DONTUOTHER_no,DONGOVCONPARTY_yes,DONGOVCONOTHER_no,DONGOVCORPPARTY_yes,DONGOVCORPOTHER_no,DONLIMPARTY_yes,DONLIMOTHER_no,DONIKLIMPARTY_yes,DONIKLIMOTHER_no,DONBANK_yes,OTHERACTORS_low
TUR,Asia,Türkiye,LIMSPENDTYPE_no,LIMSPENDPARTY_no,LIMSPENDOTHER_no,LIMSPENDMEDIA_no,LIMSPENDONLINE_no,RESTRONLINE_no,PUBFUNDPARTY_g,PUBFUNDOTHER_no,FREEMEDIAPARTY_yes,FREEMEDIAOTHER_no,INDIRPUBFUND_yes,FINREPPARTY_g,FINREPOTHER_no,FINREPPUBLIC_no,FINREPDONOR_yes,FINREPINCOME_yes,FINREPSPEND_yes,TRANSPONLINE_no,SANCTIONS_yes,MONITORBODY_g,REGPARTY_yes,REGREQPARTY_no,REGOTHER_no,NA,DONFORPARTY_yes,DONFOROTHER_no,DONCORPPARTY_no,DONCORPOTHER_no,DONTUPARTY_no,DONTUOTHER_no,DONGOVCONPARTY_yes,DONGOVCONOTHER_no,DONGOVCORPPARTY_yes,DONGOVCORPOTHER_no,DONLIMPARTY_yes,DONLIMOTHER_no,DONIKLIMPARTY_yes,DONIKLIMOTHER_no,DONBANK_no,OTHERACTORS_zero
TUV,Oceania,Tuvalu,LIMSPENDTYPE_no,LIMSPENDPARTY_no,LIMSPENDOTHER_no,LIMSPENDMEDIA_no,LIMSPENDONLINE_no,RESTRONLINE_no,PUBFUNDPARTY_no,PUBFUNDOTHER_no,FREEMEDIAPARTY_no,FREEMEDIAOTHER_no,INDIRPUBFUND_no,FINREPPARTY_no,FINREPOTHER_no,FINREPPUBLIC_no,FINREPDONOR_no,FINREPINCOME_no,FINREPSPEND_no,TRANSPONLINE_no,SANCTIONS_no,MONITORBODY_no,REGPARTY_no,NA,REGOTHER_no,NA,DONFORPARTY_no,DONFOROTHER_no,DONCORPPARTY_no,DONCORPOTHER_no,DONTUPARTY_no,DONTUOTHER_no,DONGOVCONPARTY_no,DONGOVCONOTHER_no,DONGOVCORPPARTY_no,DONGOVCORPOTHER_no,DONLIMPARTY_no,DONLIMOTHER_no,DONIKLIMPARTY_no,DONIKLIMOTHER_no,DONBANK_no,OTHERACTORS_zero
TZA,Africa,Tanzania,LIMSPENDTYPE_no,LIMSPENDPARTY_no,LIMSPENDOTHER_no,LIMSPENDMEDIA_no,LIMSPENDONLINE_no,RESTRONLINE_no,PUBFUNDPARTY_g,PUBFUNDOTHER_no,FREEMEDIAPARTY_no,FREEMEDIAOTHER_no,INDIRPUBFUND_no,FINREPPARTY_g,FINREPOTHER_yes,FINREPPUBLIC_yes,FINREPDONOR_yes,FINREPINCOME_yes,FINREPSPEND_yes,TRANSPONLINE_no,SANCTIONS_yes,MONITORBODY_g,REGPARTY_no,NA,REGOTHER_yes,REGREQOTHER_yes,DONFORPARTY_no,DONFOROTHER_no,DONCORPPARTY_no,DONCORPOTHER_no,DONTUPARTY_no,DONTUOTHER_no,DONGOVCONPARTY_no,DONGOVCONOTHER_no,DONGOVCORPPARTY_no,DONGOVCORPOTHER_no,DONLIMPARTY_no,DONLIMOTHER_no,DONIKLIMPARTY_no,DONIKLIMOTHER_no,DONBANK_yes,OTHERACTORS_low
UGA,Africa,Uganda,LIMSPENDTYPE_no,LIMSPENDPARTY_no,LIMSPENDOTHER_no,LIMSPENDMEDIA_no,LIMSPENDONLINE_no,RESTRONLINE_no,PUBFUNDPARTY_yes,PUBFUNDOTHER_yes,FREEMEDIAPARTY_no,FREEMEDIAOTHER_no,INDIRPUBFUND_no,FINREPPARTY_yes,FINREPOTHER_yes,FINREPPUBLIC_no,FINREPDONOR_yes,FINREPINCOME_yes,FINREPSPEND_no,TRANSPONLINE_no,SANCTIONS_yes,MONITORBODY_g,REGPARTY_no,NA,REGOTHER_no,NA,DONFORPARTY_yes,DONFOROTHER_yes,DONCORPPARTY_no,DONCORPOTHER_no,DONTUPARTY_no,DONTUOTHER_no,DONGOVCONPARTY_no,DONGOVCONOTHER_no,DONGOVCORPPARTY_yes,DONGOVCORPOTHER_yes,DONLIMPARTY_yes,DONLIMOTHER_no,DONIKLIMPARTY_yes,DONIKLIMOTHER_no,DONBANK_no,OTHERACTORS_low
UKR,Europe,Ukraine,LIMSPENDTYPE_no,LIMSPENDPARTY_yes,LIMSPENDOTHER_yes,LIMSPENDMEDIA_yes,LIMSPENDONLINE_yes,RESTRONLINE_no,PUBFUNDPARTY_g,PUBFUNDOTHER_no,FREEMEDIAPARTY_no,FREEMEDIAOTHER_no,INDIRPUBFUND_no,FINREPPARTY_yes,FINREPOTHER_yes,FINREPPUBLIC_yes,FINREPDONOR_yes,FINREPINCOME_yes,FINREPSPEND_yes,TRANSPONLINE_no,SANCTIONS_yes,MONITORBODY_g,REGPARTY_yes,REGREQPARTY_yes,REGOTHER_yes,REGREQOTHER_yes,DONFORPARTY_yes,DONFOROTHER_yes,DONCORPPARTY_no,DONCORPOTHER_no,DONTUPARTY_no,DONTUOTHER_no,DONGOVCONPARTY_yes,DONGOVCONOTHER_yes,DONGOVCORPPARTY_yes,DONGOVCORPOTHER_yes,DONLIMPARTY_yes,DONLIMOTHER_yes,DONIKLIMPARTY_yes,DONIKLIMOTHER_yes,DONBANK_yes,OTHERACTORS_high
URY,South America,Uruguay,LIMSPENDTYPE_no,LIMSPENDPARTY_no,LIMSPENDOTHER_no,LIMSPENDMEDIA_no,LIMSPENDONLINE_no,RESTRONLINE_no,PUBFUNDPARTY_g,PUBFUNDOTHER_no,FREEMEDIAPARTY_no,FREEMEDIAOTHER_no,INDIRPUBFUND_yes,FINREPPARTY_g,FINREPOTHER_no,FINREPPUBLIC_yes,FINREPDONOR_yes,FINREPINCOME_yes,FINREPSPEND_yes,TRANSPONLINE_no,SANCTIONS_yes,MONITORBODY_g,REGPARTY_no,NA,REGOTHER_no,NA,DONFORPARTY_yes,DONFOROTHER_no,DONCORPPARTY_no,DONCORPOTHER_no,DONTUPARTY_yes,DONTUOTHER_no,DONGOVCONPARTY_yes,DONGOVCONOTHER_no,DONGOVCORPPARTY_no,DONGOVCORPOTHER_no,DONLIMPARTY_yes,DONLIMOTHER_no,DONIKLIMPARTY_yes,DONIKLIMOTHER_no,DONBANK_yes,OTHERACTORS_zero
UZB,Asia,Uzbekistan,LIMSPENDTYPE_no,LIMSPENDPARTY_no,LIMSPENDOTHER_no,LIMSPENDMEDIA_no,LIMSPENDONLINE_no,RESTRONLINE_no,PUBFUNDPARTY_g,PUBFUNDOTHER_no,FREEMEDIAPARTY_no,FREEMEDIAOTHER_no,INDIRPUBFUND_no,FINREPPARTY_yes,FINREPOTHER_no,FINREPPUBLIC_yes,FINREPDONOR_yes,FINREPINCOME_yes,FINREPSPEND_yes,TRANSPONLINE_no,SANCTIONS_yes,MONITORBODY_g,REGPARTY_no,NA,REGOTHER_no,NA,DONFORPARTY_yes,DONFOROTHER_no,DONCORPPARTY_no,DONCORPOTHER_no,DONTUPARTY_no,DONTUOTHER_no,DONGOVCONPARTY_no,DONGOVCONOTHER_no,DONGOVCORPPARTY_no,DONGOVCORPOTHER_no,DONLIMPARTY_yes,DONLIMOTHER_no,DONIKLIMPARTY_yes,DONIKLIMOTHER_no,DONBANK_yes,OTHERACTORS_zero
VCT,North America,Saint Vincent and the Grenadines,LIMSPENDTYPE_no,LIMSPENDPARTY_no,LIMSPENDOTHER_no,LIMSPENDMEDIA_no,LIMSPENDONLINE_no,RESTRONLINE_no,PUBFUNDPARTY_no,PUBFUNDOTHER_no,FREEMEDIAPARTY_no,FREEMEDIAOTHER_no,INDIRPUBFUND_no,FINREPPARTY_no,FINREPOTHER_no,FINREPPUBLIC_no,FINREPDONOR_no,FINREPINCOME_no,FINREPSPEND_no,TRANSPONLINE_no,SANCTIONS_no,MONITORBODY_no,REGPARTY_no,NA,REGOTHER_no,NA,DONFORPARTY_no,DONFOROTHER_no,DONCORPPARTY_no,DONCORPOTHER_no,DONTUPARTY_no,DONTUOTHER_no,DONGOVCONPARTY_no,DONGOVCONOTHER_no,DONGOVCORPPARTY_no,DONGOVCORPOTHER_no,DONLIMPARTY_no,DONLIMOTHER_no,DONIKLIMPARTY_no,DONIKLIMOTHER_no,DONBANK_no,OTHERACTORS_zero
VEN,South America,Venezuela,LIMSPENDTYPE_no,LIMSPENDPARTY_no,LIMSPENDOTHER_no,LIMSPENDMEDIA_yes,LIMSPENDONLINE_yes,RESTRONLINE_yes,PUBFUNDPARTY_no,PUBFUNDOTHER_no,FREEMEDIAPARTY_yes,FREEMEDIAOTHER_yes,INDIRPUBFUND_no,FINREPPARTY_yes,FINREPOTHER_yes,FINREPPUBLIC_no,FINREPDONOR_yes,FINREPINCOME_yes,FINREPSPEND_yes,TRANSPONLINE_yes,SANCTIONS_yes,MONITORBODY_g,REGPARTY_yes,REGREQPARTY_no,REGOTHER_yes,REGREQOTHER_no,DONFORPARTY_yes,DONFOROTHER_yes,DONCORPPARTY_no,DONCORPOTHER_no,DONTUPARTY_no,DONTUOTHER_no,DONGOVCONPARTY_yes,DONGOVCONOTHER_yes,DONGOVCORPPARTY_no,DONGOVCORPOTHER_no,DONLIMPARTY_no,DONLIMOTHER_no,DONIKLIMPARTY_no,DONIKLIMOTHER_no,DONBANK_yes,OTHERACTORS_high
VUT,Oceania,Vanuatu,LIMSPENDTYPE_no,LIMSPENDPARTY_no,LIMSPENDOTHER_no,LIMSPENDMEDIA_no,LIMSPENDONLINE_no,RESTRONLINE_no,PUBFUNDPARTY_no,PUBFUNDOTHER_no,FREEMEDIAPARTY_no,FREEMEDIAOTHER_no,INDIRPUBFUND_no,FINREPPARTY_no,FINREPOTHER_no,FINREPPUBLIC_no,FINREPDONOR_no,FINREPINCOME_no,FINREPSPEND_no,TRANSPONLINE_no,SANCTIONS_no,MONITORBODY_no,REGPARTY_no,NA,REGOTHER_no,NA,DONFORPARTY_no,DONFOROTHER_no,DONCORPPARTY_no,DONCORPOTHER_no,DONTUPARTY_no,DONTUOTHER_no,DONGOVCONPARTY_no,DONGOVCONOTHER_no,DONGOVCORPPARTY_no,DONGOVCORPOTHER_no,DONLIMPARTY_no,DONLIMOTHER_no,DONIKLIMPARTY_no,DONIKLIMOTHER_no,DONBANK_no,OTHERACTORS_zero
WSM,Oceania,Samoa,LIMSPENDTYPE_no,LIMSPENDPARTY_no,LIMSPENDOTHER_no,LIMSPENDMEDIA_no,LIMSPENDONLINE_no,RESTRONLINE_no,PUBFUNDPARTY_no,PUBFUNDOTHER_no,FREEMEDIAPARTY_no,FREEMEDIAOTHER_no,INDIRPUBFUND_no,FINREPPARTY_no,FINREPOTHER_no,FINREPPUBLIC_no,FINREPDONOR_no,FINREPINCOME_no,FINREPSPEND_no,TRANSPONLINE_no,SANCTIONS_no,MONITORBODY_no,REGPARTY_no,NA,REGOTHER_no,NA,DONFORPARTY_no,DONFOROTHER_no,DONCORPPARTY_no,DONCORPOTHER_no,DONTUPARTY_no,DONTUOTHER_no,DONGOVCONPARTY_no,DONGOVCONOTHER_no,DONGOVCORPPARTY_no,DONGOVCORPOTHER_no,DONLIMPARTY_no,DONLIMOTHER_no,DONIKLIMPARTY_no,DONIKLIMOTHER_no,DONBANK_no,OTHERACTORS_zero
YEM,Asia,Yemen,LIMSPENDTYPE_no,LIMSPENDPARTY_no,LIMSPENDOTHER_no,LIMSPENDMEDIA_no,LIMSPENDONLINE_no,RESTRONLINE_no,PUBFUNDPARTY_g,PUBFUNDOTHER_no,FREEMEDIAPARTY_no,FREEMEDIAOTHER_no,INDIRPUBFUND_yes,FINREPPARTY_g,FINREPOTHER_no,FINREPPUBLIC_no,FINREPDONOR_ca,FINREPINCOME_no,FINREPSPEND_no,TRANSPONLINE_no,SANCTIONS_yes,MONITORBODY_g,REGPARTY_no,NA,REGOTHER_no,NA,DONFORPARTY_yes,DONFOROTHER_no,DONCORPPARTY_yes,DONCORPOTHER_no,DONTUPARTY_yes,DONTUOTHER_no,DONGOVCONPARTY_yes,DONGOVCONOTHER_no,DONGOVCORPPARTY_yes,DONGOVCORPOTHER_no,DONLIMPARTY_no,DONLIMOTHER_no,DONIKLIMPARTY_no,DONIKLIMOTHER_no,DONBANK_yes,OTHERACTORS_zero
ZAF,Africa,South Africa,LIMSPENDTYPE_no,LIMSPENDPARTY_no,LIMSPENDOTHER_no,LIMSPENDMEDIA_no,LIMSPENDONLINE_no,RESTRONLINE_no,PUBFUNDPARTY_g,PUBFUNDOTHER_no,FREEMEDIAPARTY_no,FREEMEDIAOTHER_no,INDIRPUBFUND_no,FINREPPARTY_g,FINREPOTHER_no,FINREPPUBLIC_yes,FINREPDONOR_ca,FINREPINCOME_yes,FINREPSPEND_yes,TRANSPONLINE_no,SANCTIONS_yes,MONITORBODY_g,REGPARTY_no,NA,REGOTHER_no,NA,DONFORPARTY_yes,DONFOROTHER_no,DONCORPPARTY_no,DONCORPOTHER_no,DONTUPARTY_no,DONTUOTHER_no,DONGOVCONPARTY_no,DONGOVCONOTHER_no,DONGOVCORPPARTY_yes,DONGOVCORPOTHER_no,DONLIMPARTY_yes,DONLIMOTHER_no,DONIKLIMPARTY_yes,DONIKLIMOTHER_no,DONBANK_yes,OTHERACTORS_zero
ZWE,Africa,Zimbabwe,LIMSPENDTYPE_no,LIMSPENDPARTY_no,LIMSPENDOTHER_no,LIMSPENDMEDIA_no,LIMSPENDONLINE_no,RESTRONLINE_no,PUBFUNDPARTY_g,PUBFUNDOTHER_no,FREEMEDIAPARTY_yes,FREEMEDIAOTHER_no,INDIRPUBFUND_no,FINREPPARTY_no,FINREPOTHER_no,FINREPPUBLIC_no,FINREPDONOR_no,FINREPINCOME_no,FINREPSPEND_no,TRANSPONLINE_no,SANCTIONS_yes,MONITORBODY_no,REGPARTY_no,NA,REGOTHER_no,NA,DONFORPARTY_yes,DONFOROTHER_no,DONCORPPARTY_no,DONCORPOTHER_no,DONTUPARTY_no,DONTUOTHER_no,DONGOVCONPARTY_no,DONGOVCONOTHER_no,DONGOVCORPPARTY_no,DONGOVCORPOTHER_no,DONLIMPARTY_no,DONLIMOTHER_no,DONIKLIMPARTY_no,DONIKLIMOTHER_no,DONBANK_no,OTHERACTORS_zero
